mode,n_full_coverage,mean_pair_agreement,ci_low,ci_high,left_model,right_model,n_compared,agreement_rate,kind
Neutral,1355.0,0.8432964329643297,0.834929274292743,0.8514175891758917,,,,,
Neutral,,,,,GPT_5,GPT_o4,1355.0,0.8693726937269373,pair
Neutral,,,,,GPT_5,QwenN,1355.0,0.862730627306273,pair
Neutral,,,,,GPT_5,QwenT,1355.0,0.8236162361623616,pair
Neutral,,,,,GPT_o4,QwenN,1355.0,0.8590405904059041,pair
Neutral,,,,,GPT_o4,QwenT,1355.0,0.8140221402214022,pair
Neutral,,,,,QwenN,QwenT,1355.0,0.8309963099630996,pair
Neutral-CoT,1345.0,0.858364312267658,0.8508054522924411,0.8661741016109046,,,,,
Neutral-CoT,,,,,GPT_5,GPT_o4,1345.0,0.8758364312267658,pair
Neutral-CoT,,,,,GPT_5,QwenN,1345.0,0.8765799256505576,pair
Neutral-CoT,,,,,GPT_5,QwenT,1345.0,0.8631970260223049,pair
Neutral-CoT,,,,,GPT_o4,QwenN,1345.0,0.8550185873605948,pair
Neutral-CoT,,,,,GPT_o4,QwenT,1345.0,0.8327137546468402,pair
Neutral-CoT,,,,,QwenN,QwenT,1345.0,0.8468401486988848,pair
EI,1358.0,0.8467108492881689,0.8387334315169367,0.8545686057928326,,,,,
EI,,,,,GPT_5,GPT_o4,1358.0,0.8902798232695139,pair
EI,,,,,GPT_5,QwenN,1358.0,0.8880706921944035,pair
EI,,,,,GPT_5,QwenT,1358.0,0.812960235640648,pair
EI,,,,,GPT_o4,QwenN,1358.0,0.8652430044182622,pair
EI,,,,,GPT_o4,QwenT,1358.0,0.8107511045655376,pair
EI,,,,,QwenN,QwenT,1358.0,0.812960235640648,pair
EA,1351.0,0.8668887244016777,0.8592400690846287,0.8742906489020479,,,,,
EA,,,,,GPT_5,GPT_o4,1351.0,0.8985936343449297,pair
EA,,,,,GPT_5,QwenN,1351.0,0.8771280532938565,pair
EA,,,,,GPT_5,QwenT,1351.0,0.8623242042931162,pair
EA,,,,,GPT_o4,QwenN,1351.0,0.8675055514433753,pair
EA,,,,,GPT_o4,QwenT,1351.0,0.8393782383419689,pair
EA,,,,,QwenN,QwenT,1351.0,0.8564026646928201,pair
neutral_minus_emotional_gap,32454.0,-0.005971248103031068,-0.013552889545137628,0.0018029254337393092,,,,,gap
