model,mode,EfA,CMR,deviation_pp
GPT_5,Neutral-CoT,0.9551470588235295,0.9551470588235295,4.485294117647054
GPT_5,EI,0.8897058823529411,0.8897058823529411,11.029411764705888
GPT_5,EA,0.9536764705882353,0.9536764705882353,4.632352941176466
GPT_o4,Neutral-CoT,0.9144542772861357,0.9233060312732688,8.55457227138643
GPT_o4,EI,0.8864306784660767,0.8877400295420975,11.356932153392329
GPT_o4,EA,0.9196165191740413,0.9250741839762612,8.03834808259587
QwenN,Neutral-CoT,0.9455882352941176,0.946980854197349,5.441176470588238
QwenN,EI,0.9176470588235294,0.9176470588235294,8.235294117647063
QwenN,EA,0.9404411764705882,0.9411331861662987,5.9558823529411775
QwenT,Neutral-CoT,0.9080206033848418,0.9080206033848418,9.19793966151582
QwenT,EI,0.8167770419426048,0.8167770419426048,18.322295805739518
QwenT,EA,0.9013980868285504,0.9013980868285504,9.860191317144961
