model,mode,n_disagree,n_to_1,n_to_2,choice1_share,net_shift_to_1,binomial_p_two_sided
GPT_5,Neutral-CoT,61,27,34,0.4426229508196721,-7,0.4426260049464714
GPT_o4,Neutral-CoT,103,39,64,0.3786407766990291,-25,0.017609056867909458
QwenN,Neutral-CoT,72,27,45,0.375,-18,0.04437092000802569
QwenT,Neutral-CoT,125,57,68,0.456,-11,0.3711606948508095
POOLED,Neutral-CoT,361,150,211,0.4155124653739612,-61,0.0015534937395615548
GPT_5,EI,150,99,51,0.66,48,0.00010978172637063558
GPT_o4,EI,152,72,80,0.47368421052631576,-8,0.5703330633303956
QwenN,EI,112,64,48,0.5714285714285714,16,0.1560663019937673
QwenT,EI,249,136,113,0.5461847389558233,23,0.16312662303857622
POOLED,EI,663,371,292,0.5595776772247361,79,0.0024261941164851627
GPT_5,EA,63,31,32,0.49206349206349204,-1,1.0
GPT_o4,EA,101,33,68,0.32673267326732675,-35,0.000641248502169594
QwenN,EA,80,30,50,0.375,-20,0.03299261842647619
QwenT,EA,134,64,70,0.47761194029850745,-6,0.6659501639012324
POOLED,EA,378,158,220,0.41798941798941797,-62,0.001668399644158146
