topic_group,n,n_disagree,drift_rate,mode
business_organization,320,23,0.071875,Neutral-CoT
close_relationship,319,29,0.09090909090909091,Neutral-CoT
comitted_relationship,319,10,0.03134796238244514,Neutral-CoT
event_daily_life,319,30,0.09404388714733543,Neutral-CoT
event_special,317,25,0.07886435331230283,Neutral-CoT
family,320,31,0.096875,Neutral-CoT
friend,320,23,0.071875,Neutral-CoT
issue_crime_addiction,318,25,0.07861635220125786,Neutral-CoT
issue_personal_career,320,20,0.0625,Neutral-CoT
issue_pregnancy,316,19,0.060126582278481014,Neutral-CoT
issue_self_image_social,320,16,0.05,Neutral-CoT
issue_wildlife_human_environment,320,25,0.078125,Neutral-CoT
issue_young_people,318,17,0.05345911949685535,Neutral-CoT
religion_custom,318,13,0.040880503144654086,Neutral-CoT
role_duty_responsibility,318,21,0.0660377358490566,Neutral-CoT
school,318,17,0.05345911949685535,Neutral-CoT
workplace,320,17,0.053125,Neutral-CoT
business_organization,320,52,0.1625,EI
close_relationship,319,40,0.12539184952978055,EI
comitted_relationship,320,28,0.0875,EI
event_daily_life,320,40,0.125,EI
event_special,319,40,0.12539184952978055,EI
family,320,57,0.178125,EI
friend,320,36,0.1125,EI
issue_crime_addiction,318,44,0.13836477987421383,EI
issue_personal_career,320,28,0.0875,EI
issue_pregnancy,319,32,0.10031347962382445,EI
issue_self_image_social,320,30,0.09375,EI
issue_wildlife_human_environment,320,49,0.153125,EI
issue_young_people,320,34,0.10625,EI
religion_custom,320,35,0.109375,EI
role_duty_responsibility,318,43,0.13522012578616352,EI
school,320,38,0.11875,EI
workplace,320,37,0.115625,EI
business_organization,320,23,0.071875,EA
close_relationship,319,26,0.08150470219435736,EA
comitted_relationship,320,17,0.053125,EA
event_daily_life,320,31,0.096875,EA
event_special,318,19,0.059748427672955975,EA
family,320,35,0.109375,EA
friend,320,23,0.071875,EA
issue_crime_addiction,317,23,0.07255520504731862,EA
issue_personal_career,320,23,0.071875,EA
issue_pregnancy,319,26,0.08150470219435736,EA
issue_self_image_social,319,14,0.0438871473354232,EA
issue_wildlife_human_environment,320,23,0.071875,EA
issue_young_people,320,16,0.05,EA
religion_custom,320,22,0.06875,EA
role_duty_responsibility,317,21,0.06624605678233439,EA
school,318,19,0.059748427672955975,EA
workplace,319,17,0.05329153605015674,EA
