dataset,mode,n_pairs_with_swap_row,n_original_valid,n_swapped_valid,n_both_valid,coverage,n_preserved,n_flipped,effective,conditional_match,flip_rate_conditional,original_action2_rate,swapped_canonical_action2_rate,action2_delta_original_minus_swapped_canonical,second_presented_choice_rate
CN,EA,1360,1289,1266,1197,92.86268425135763,1130,67,87.66485647788984,94.40267335004177,5.597326649958229,48.719937936384795,48.81516587677725,-0.09522794039245497,49.3734335839599
CN,EI,1360,1310,1357,1309,99.92366412213741,1268,41,96.79389312977099,96.86783804430863,3.1321619556913673,49.847328244274806,51.73176123802506,-1.8844329937502522,48.96867838044309
CN,Neutral,1360,1297,1359,1296,99.92289899768697,1203,93,92.75250578257517,92.82407407407408,7.175925925925926,50.809560524286816,56.07064017660044,-5.261079652313626,47.41512345679013
CN,Neutral-CoT,1360,1337,1271,1250,93.49289454001496,1180,70,88.25729244577413,94.4,5.6,50.03739715781601,51.29819040125885,-1.2607932434428406,49.12
CT,EA,1360,1356,1268,1264,93.21533923303835,1200,64,88.49557522123894,94.9367088607595,5.063291139240507,49.26253687315634,49.526813880126184,-0.26427700696984147,49.84177215189873
CT,EI,1360,1359,1360,1359,100.0,1311,48,96.46799116997792,96.46799116997792,3.532008830022075,49.3009565857248,51.544117647058826,-2.2431610613340283,48.8962472406181
CT,Neutral,1360,1354,1322,1316,97.19350073855244,1248,68,92.17134416543574,94.83282674772036,5.167173252279635,52.43722304283604,53.7821482602118,-1.34492521737576,49.24012158054711
CT,Neutral-CoT,1360,1353,1279,1273,94.08721359940873,1200,73,88.69179600886918,94.26551453260015,5.734485467399843,51.736881005173686,50.430023455824866,1.3068575493488197,50.43205027494108
R1,EA,1360,1337,1358,1336,99.92520568436798,1260,76,94.24083769633508,94.31137724550898,5.688622754491018,52.206432311144354,53.681885125184095,-1.4754528140397412,49.25149700598802
R1,EI,1360,1343,1359,1343,100.0,1240,103,92.33060312732688,92.33060312732688,7.66939687267312,48.845867460908416,54.966887417218544,-6.121019956310128,46.98436336559941
R1,Neutral,1360,1341,1360,1341,100.0,1238,103,92.31916480238628,92.31916480238628,7.680835197613721,54.13870246085011,59.11764705882353,-4.978944597973417,47.427293064876956
R1,Neutral-CoT,1360,1332,1359,1331,99.92492492492492,1255,76,94.21921921921921,94.29000751314801,5.709992486851991,55.4054054054054,55.849889624724064,-0.4444842193186602,49.699474079639366
V3,EA,1360,1359,1359,1358,99.92641648270788,1276,82,93.89256806475349,93.96170839469808,6.0382916053019144,47.97645327446652,50.99337748344371,-3.016924208977187,48.52724594992636
V3,EI,1360,1360,1360,1360,100.0,1266,94,93.08823529411765,93.08823529411765,6.911764705882353,49.411764705882355,52.794117647058826,-3.382352941176471,48.30882352941177
V3,Neutral,1360,1360,1360,1360,100.0,1277,83,93.8970588235294,93.8970588235294,6.102941176470588,51.98529411764706,55.73529411764706,-3.75,48.125
V3,Neutral-CoT,1360,1344,1359,1343,99.92559523809524,1277,66,95.01488095238095,95.08562918838422,4.914370811615785,53.05059523809524,54.59896983075791,-1.5483745926626682,49.180938198064034
