dataset,mode,strict_n_all_modes_both_valid,strict_preserved_count,strict_flipped_count,strict_match_rate,strict_flip_rate,strict_second_presented_choice_rate
CN,EA,1007,947,60,94.04170804369414,5.958291956305859,49.404170804369414
CN,EI,1007,976,31,96.92154915590864,3.0784508440913605,49.15590863952334
CN,Neutral,1007,938,69,93.14796425024826,6.852035749751738,47.36842105263158
CN,Neutral-CoT,1007,948,59,94.14101290963258,5.858987090367428,49.056603773584904
CT,EA,1139,1084,55,95.171202809482,4.8287971905179985,49.86830553116769
CT,EI,1139,1099,40,96.48814749780509,3.5118525021949076,48.77085162423178
CT,Neutral,1139,1081,58,94.90781387181738,5.092186128182616,49.20983318700615
CT,Neutral-CoT,1139,1076,63,94.46883230904302,5.53116769095698,50.30728709394205
R1,EA,1275,1204,71,94.43137254901961,5.568627450980392,49.254901960784316
R1,EI,1275,1182,93,92.70588235294117,7.294117647058823,46.90196078431372
R1,Neutral,1275,1174,101,92.07843137254902,7.921568627450981,47.294117647058826
R1,Neutral-CoT,1275,1200,75,94.11764705882354,5.882352941176471,49.64705882352941
V3,EA,1341,1260,81,93.95973154362416,6.040268456375839,48.47129008202834
V3,EI,1341,1248,93,93.0648769574944,6.935123042505593,48.2475764354959
V3,Neutral,1341,1260,81,93.95973154362416,6.040268456375839,48.09843400447427
V3,Neutral-CoT,1341,1275,66,95.07829977628636,4.921700223713646,49.17971662938106
