dataset,idx,baseline_choice_value,three_step_choice_value,normal_cot_choice_value,three_step_matches_baseline,normal_cot_matches_baseline,three_vs_normal_choice_different,disagreement_type
CN,55,1,1,2,1,0,1,three_step_matches_baseline_normal_does_not
CN,1199,1,1,2,1,0,1,three_step_matches_baseline_normal_does_not
CN,2081,1,2,1,0,1,1,normal_matches_baseline_three_step_does_not
CN,2585,1,1,2,1,0,1,three_step_matches_baseline_normal_does_not
CN,3081,1,2,1,0,1,1,normal_matches_baseline_three_step_does_not
CN,3418,1,1,2,1,0,1,three_step_matches_baseline_normal_does_not
CN,3512,1,2,1,0,1,1,normal_matches_baseline_three_step_does_not
CN,3929,2,1,2,0,1,1,normal_matches_baseline_three_step_does_not
CN,4339,2,1,2,0,1,1,normal_matches_baseline_three_step_does_not
CN,4827,2,1,2,0,1,1,normal_matches_baseline_three_step_does_not
CN,4856,2,1,2,0,1,1,normal_matches_baseline_three_step_does_not
CN,4865,2,1,2,0,1,1,normal_matches_baseline_three_step_does_not
CN,5006,1,2,1,0,1,1,normal_matches_baseline_three_step_does_not
CN,5475,1,2,1,0,1,1,normal_matches_baseline_three_step_does_not
CN,5834,1,1,2,1,0,1,three_step_matches_baseline_normal_does_not
CN,6527,2,1,2,0,1,1,normal_matches_baseline_three_step_does_not
CN,6826,1,2,1,0,1,1,normal_matches_baseline_three_step_does_not
CN,6965,2,1,2,0,1,1,normal_matches_baseline_three_step_does_not
CN,7096,1,1,2,1,0,1,three_step_matches_baseline_normal_does_not
CN,7235,2,1,2,0,1,1,normal_matches_baseline_three_step_does_not
CN,7599,2,2,1,1,0,1,three_step_matches_baseline_normal_does_not
CN,7992,1,1,2,1,0,1,three_step_matches_baseline_normal_does_not
CN,8033,1,2,1,0,1,1,normal_matches_baseline_three_step_does_not
CN,9102,1,1,2,1,0,1,three_step_matches_baseline_normal_does_not
CN,9485,1,1,2,1,0,1,three_step_matches_baseline_normal_does_not
CN,10626,2,2,1,1,0,1,three_step_matches_baseline_normal_does_not
CN,10713,1,2,1,0,1,1,normal_matches_baseline_three_step_does_not
CN,12301,1,1,2,1,0,1,three_step_matches_baseline_normal_does_not
CN,13115,2,1,2,0,1,1,normal_matches_baseline_three_step_does_not
CN,13923,1,1,2,1,0,1,three_step_matches_baseline_normal_does_not
CN,14224,1,1,2,1,0,1,three_step_matches_baseline_normal_does_not
CN,15452,2,1,2,0,1,1,normal_matches_baseline_three_step_does_not
CN,15810,2,1,2,0,1,1,normal_matches_baseline_three_step_does_not
CN,16212,2,2,1,1,0,1,three_step_matches_baseline_normal_does_not
CN,16386,1,1,2,1,0,1,three_step_matches_baseline_normal_does_not
CN,17227,1,2,1,0,1,1,normal_matches_baseline_three_step_does_not
CN,17841,2,1,2,0,1,1,normal_matches_baseline_three_step_does_not
CN,17914,2,1,2,0,1,1,normal_matches_baseline_three_step_does_not
CN,18223,2,1,2,0,1,1,normal_matches_baseline_three_step_does_not
CN,18553,2,1,2,0,1,1,normal_matches_baseline_three_step_does_not
CN,18656,2,1,2,0,1,1,normal_matches_baseline_three_step_does_not
CN,18670,1,1,2,1,0,1,three_step_matches_baseline_normal_does_not
CN,20338,2,2,1,1,0,1,three_step_matches_baseline_normal_does_not
CN,20716,2,1,2,0,1,1,normal_matches_baseline_three_step_does_not
CN,21599,1,1,2,1,0,1,three_step_matches_baseline_normal_does_not
CN,21630,2,2,1,1,0,1,three_step_matches_baseline_normal_does_not
CN,21935,2,2,1,1,0,1,three_step_matches_baseline_normal_does_not
CN,22189,2,2,1,1,0,1,three_step_matches_baseline_normal_does_not
CN,24577,1,2,1,0,1,1,normal_matches_baseline_three_step_does_not
CN,25015,1,2,1,0,1,1,normal_matches_baseline_three_step_does_not
CN,25471,2,2,1,1,0,1,three_step_matches_baseline_normal_does_not
CN,27610,1,2,1,0,1,1,normal_matches_baseline_three_step_does_not
CN,27786,2,2,1,1,0,1,three_step_matches_baseline_normal_does_not
CN,28019,1,1,2,1,0,1,three_step_matches_baseline_normal_does_not
CN,28339,1,1,2,1,0,1,three_step_matches_baseline_normal_does_not
CN,28814,2,2,1,1,0,1,three_step_matches_baseline_normal_does_not
CN,29105,2,1,2,0,1,1,normal_matches_baseline_three_step_does_not
CN,30285,2,2,1,1,0,1,three_step_matches_baseline_normal_does_not
CN,31634,2,2,1,1,0,1,three_step_matches_baseline_normal_does_not
CN,31808,1,1,2,1,0,1,three_step_matches_baseline_normal_does_not
CN,32638,1,1,2,1,0,1,three_step_matches_baseline_normal_does_not
CN,33409,2,1,2,0,1,1,normal_matches_baseline_three_step_does_not
CN,33504,1,2,1,0,1,1,normal_matches_baseline_three_step_does_not
CN,33618,1,2,1,0,1,1,normal_matches_baseline_three_step_does_not
CN,33780,1,2,1,0,1,1,normal_matches_baseline_three_step_does_not
CN,33806,1,2,1,0,1,1,normal_matches_baseline_three_step_does_not
CN,34915,2,1,2,0,1,1,normal_matches_baseline_three_step_does_not
CN,34930,2,1,2,0,1,1,normal_matches_baseline_three_step_does_not
CN,35397,2,2,1,1,0,1,three_step_matches_baseline_normal_does_not
CN,37006,2,1,2,0,1,1,normal_matches_baseline_three_step_does_not
CN,37537,2,2,1,1,0,1,three_step_matches_baseline_normal_does_not
CN,37741,2,1,2,0,1,1,normal_matches_baseline_three_step_does_not
CN,39000,1,2,1,0,1,1,normal_matches_baseline_three_step_does_not
CN,40145,2,1,2,0,1,1,normal_matches_baseline_three_step_does_not
CN,40169,1,1,2,1,0,1,three_step_matches_baseline_normal_does_not
CN,40853,1,1,2,1,0,1,three_step_matches_baseline_normal_does_not
CN,41152,1,1,2,1,0,1,three_step_matches_baseline_normal_does_not
CN,41457,2,2,1,1,0,1,three_step_matches_baseline_normal_does_not
CN,42468,2,1,2,0,1,1,normal_matches_baseline_three_step_does_not
CN,43800,1,2,1,0,1,1,normal_matches_baseline_three_step_does_not
CN,44147,2,1,2,0,1,1,normal_matches_baseline_three_step_does_not
CN,44313,2,2,1,1,0,1,three_step_matches_baseline_normal_does_not
CN,45289,1,1,2,1,0,1,three_step_matches_baseline_normal_does_not
CN,47024,1,1,2,1,0,1,three_step_matches_baseline_normal_does_not
CN,48434,2,1,2,0,1,1,normal_matches_baseline_three_step_does_not
CN,48538,1,2,1,0,1,1,normal_matches_baseline_three_step_does_not
CN,48587,1,2,1,0,1,1,normal_matches_baseline_three_step_does_not
CN,48898,1,2,1,0,1,1,normal_matches_baseline_three_step_does_not
CN,49550,2,1,2,0,1,1,normal_matches_baseline_three_step_does_not
CT,283,2,1,2,0,1,1,normal_matches_baseline_three_step_does_not
CT,1199,1,1,2,1,0,1,three_step_matches_baseline_normal_does_not
CT,1421,1,1,2,1,0,1,three_step_matches_baseline_normal_does_not
CT,1862,1,2,1,0,1,1,normal_matches_baseline_three_step_does_not
CT,2379,1,2,1,0,1,1,normal_matches_baseline_three_step_does_not
CT,2408,2,1,2,0,1,1,normal_matches_baseline_three_step_does_not
CT,3512,1,2,1,0,1,1,normal_matches_baseline_three_step_does_not
CT,3811,2,1,2,0,1,1,normal_matches_baseline_three_step_does_not
CT,3912,2,2,1,1,0,1,three_step_matches_baseline_normal_does_not
CT,5006,1,1,2,1,0,1,three_step_matches_baseline_normal_does_not
CT,5105,2,2,1,1,0,1,three_step_matches_baseline_normal_does_not
CT,6826,1,2,1,0,1,1,normal_matches_baseline_three_step_does_not
CT,8268,1,1,2,1,0,1,three_step_matches_baseline_normal_does_not
CT,8637,2,1,2,0,1,1,normal_matches_baseline_three_step_does_not
CT,9544,1,2,1,0,1,1,normal_matches_baseline_three_step_does_not
CT,10189,2,2,1,1,0,1,three_step_matches_baseline_normal_does_not
CT,11024,1,2,1,0,1,1,normal_matches_baseline_three_step_does_not
CT,11511,2,2,1,1,0,1,three_step_matches_baseline_normal_does_not
CT,11930,1,1,2,1,0,1,three_step_matches_baseline_normal_does_not
CT,12998,2,1,2,0,1,1,normal_matches_baseline_three_step_does_not
CT,13300,2,2,1,1,0,1,three_step_matches_baseline_normal_does_not
CT,13996,2,1,2,0,1,1,normal_matches_baseline_three_step_does_not
CT,14581,2,2,1,1,0,1,three_step_matches_baseline_normal_does_not
CT,15693,1,2,1,0,1,1,normal_matches_baseline_three_step_does_not
CT,15770,1,2,1,0,1,1,normal_matches_baseline_three_step_does_not
CT,15894,2,2,1,1,0,1,three_step_matches_baseline_normal_does_not
CT,16170,1,2,1,0,1,1,normal_matches_baseline_three_step_does_not
CT,16204,1,1,2,1,0,1,three_step_matches_baseline_normal_does_not
CT,16212,2,2,1,1,0,1,three_step_matches_baseline_normal_does_not
CT,17361,1,1,2,1,0,1,three_step_matches_baseline_normal_does_not
CT,17914,2,1,2,0,1,1,normal_matches_baseline_three_step_does_not
CT,17929,1,2,1,0,1,1,normal_matches_baseline_three_step_does_not
CT,18961,2,1,2,0,1,1,normal_matches_baseline_three_step_does_not
CT,19164,1,2,1,0,1,1,normal_matches_baseline_three_step_does_not
CT,19519,2,2,1,1,0,1,three_step_matches_baseline_normal_does_not
CT,19826,2,1,2,0,1,1,normal_matches_baseline_three_step_does_not
CT,20132,2,1,2,0,1,1,normal_matches_baseline_three_step_does_not
CT,20351,1,1,2,1,0,1,three_step_matches_baseline_normal_does_not
CT,20716,2,1,2,0,1,1,normal_matches_baseline_three_step_does_not
CT,20895,2,1,2,0,1,1,normal_matches_baseline_three_step_does_not
CT,21598,2,1,2,0,1,1,normal_matches_baseline_three_step_does_not
CT,23103,1,1,2,1,0,1,three_step_matches_baseline_normal_does_not
CT,23323,1,2,1,0,1,1,normal_matches_baseline_three_step_does_not
CT,24026,1,2,1,0,1,1,normal_matches_baseline_three_step_does_not
CT,24959,2,1,2,0,1,1,normal_matches_baseline_three_step_does_not
CT,25015,1,2,1,0,1,1,normal_matches_baseline_three_step_does_not
CT,25447,1,1,2,1,0,1,three_step_matches_baseline_normal_does_not
CT,26178,2,1,2,0,1,1,normal_matches_baseline_three_step_does_not
CT,26492,2,1,2,0,1,1,normal_matches_baseline_three_step_does_not
CT,26575,2,2,1,1,0,1,three_step_matches_baseline_normal_does_not
CT,28814,2,2,1,1,0,1,three_step_matches_baseline_normal_does_not
CT,29880,1,1,2,1,0,1,three_step_matches_baseline_normal_does_not
CT,30131,1,1,2,1,0,1,three_step_matches_baseline_normal_does_not
CT,31568,2,1,2,0,1,1,normal_matches_baseline_three_step_does_not
CT,36403,2,1,2,0,1,1,normal_matches_baseline_three_step_does_not
CT,36767,2,1,2,0,1,1,normal_matches_baseline_three_step_does_not
CT,37114,1,2,1,0,1,1,normal_matches_baseline_three_step_does_not
CT,37184,1,1,2,1,0,1,three_step_matches_baseline_normal_does_not
CT,37234,1,1,2,1,0,1,three_step_matches_baseline_normal_does_not
CT,37258,2,1,2,0,1,1,normal_matches_baseline_three_step_does_not
CT,38093,2,2,1,1,0,1,three_step_matches_baseline_normal_does_not
CT,38363,2,1,2,0,1,1,normal_matches_baseline_three_step_does_not
CT,38533,2,1,2,0,1,1,normal_matches_baseline_three_step_does_not
CT,38554,1,2,1,0,1,1,normal_matches_baseline_three_step_does_not
CT,38858,1,1,2,1,0,1,three_step_matches_baseline_normal_does_not
CT,39000,1,1,2,1,0,1,three_step_matches_baseline_normal_does_not
CT,40535,1,2,1,0,1,1,normal_matches_baseline_three_step_does_not
CT,40923,2,2,1,1,0,1,three_step_matches_baseline_normal_does_not
CT,42006,2,1,2,0,1,1,normal_matches_baseline_three_step_does_not
CT,42174,1,2,1,0,1,1,normal_matches_baseline_three_step_does_not
CT,43191,1,1,2,1,0,1,three_step_matches_baseline_normal_does_not
CT,43285,1,2,1,0,1,1,normal_matches_baseline_three_step_does_not
CT,43800,1,2,1,0,1,1,normal_matches_baseline_three_step_does_not
CT,44063,1,2,1,0,1,1,normal_matches_baseline_three_step_does_not
CT,44967,1,2,1,0,1,1,normal_matches_baseline_three_step_does_not
CT,45175,2,2,1,1,0,1,three_step_matches_baseline_normal_does_not
CT,45544,2,1,2,0,1,1,normal_matches_baseline_three_step_does_not
CT,45857,2,2,1,1,0,1,three_step_matches_baseline_normal_does_not
CT,46758,2,2,1,1,0,1,three_step_matches_baseline_normal_does_not
CT,48295,2,1,2,0,1,1,normal_matches_baseline_three_step_does_not
CT,48434,2,1,2,0,1,1,normal_matches_baseline_three_step_does_not
CT,48538,1,2,1,0,1,1,normal_matches_baseline_three_step_does_not
CT,49550,2,1,2,0,1,1,normal_matches_baseline_three_step_does_not
CT,49777,1,1,2,1,0,1,three_step_matches_baseline_normal_does_not
R1,626,2,1,2,0,1,1,normal_matches_baseline_three_step_does_not
R1,2379,1,2,1,0,1,1,normal_matches_baseline_three_step_does_not
R1,3811,2,1,2,0,1,1,normal_matches_baseline_three_step_does_not
R1,3929,2,2,1,1,0,1,three_step_matches_baseline_normal_does_not
R1,4011,2,2,1,1,0,1,three_step_matches_baseline_normal_does_not
R1,4797,2,2,1,1,0,1,three_step_matches_baseline_normal_does_not
R1,4851,2,1,2,0,1,1,normal_matches_baseline_three_step_does_not
R1,5586,1,1,2,1,0,1,three_step_matches_baseline_normal_does_not
R1,7387,1,1,2,1,0,1,three_step_matches_baseline_normal_does_not
R1,8268,1,2,1,0,1,1,normal_matches_baseline_three_step_does_not
R1,8800,1,1,2,1,0,1,three_step_matches_baseline_normal_does_not
R1,11241,2,1,2,0,1,1,normal_matches_baseline_three_step_does_not
R1,12284,1,1,2,1,0,1,three_step_matches_baseline_normal_does_not
R1,14410,1,1,2,1,0,1,three_step_matches_baseline_normal_does_not
R1,14707,1,2,1,0,1,1,normal_matches_baseline_three_step_does_not
R1,15822,1,1,2,1,0,1,three_step_matches_baseline_normal_does_not
R1,16891,1,2,1,0,1,1,normal_matches_baseline_three_step_does_not
R1,17082,2,2,1,1,0,1,three_step_matches_baseline_normal_does_not
R1,17241,2,1,2,0,1,1,normal_matches_baseline_three_step_does_not
R1,17423,2,1,2,0,1,1,normal_matches_baseline_three_step_does_not
R1,17693,1,2,1,0,1,1,normal_matches_baseline_three_step_does_not
R1,17841,2,1,2,0,1,1,normal_matches_baseline_three_step_does_not
R1,17914,1,1,2,1,0,1,three_step_matches_baseline_normal_does_not
R1,18337,1,2,1,0,1,1,normal_matches_baseline_three_step_does_not
R1,19593,1,1,2,1,0,1,three_step_matches_baseline_normal_does_not
R1,20195,1,2,1,0,1,1,normal_matches_baseline_three_step_does_not
R1,20717,1,1,2,1,0,1,three_step_matches_baseline_normal_does_not
R1,24871,2,1,2,0,1,1,normal_matches_baseline_three_step_does_not
R1,25380,1,2,1,0,1,1,normal_matches_baseline_three_step_does_not
R1,26878,2,2,1,1,0,1,three_step_matches_baseline_normal_does_not
R1,27688,2,1,2,0,1,1,normal_matches_baseline_three_step_does_not
R1,28057,2,1,2,0,1,1,normal_matches_baseline_three_step_does_not
R1,28790,1,1,2,1,0,1,three_step_matches_baseline_normal_does_not
R1,30131,2,1,2,0,1,1,normal_matches_baseline_three_step_does_not
R1,30457,2,2,1,1,0,1,three_step_matches_baseline_normal_does_not
R1,31138,1,1,2,1,0,1,three_step_matches_baseline_normal_does_not
R1,32917,2,1,2,0,1,1,normal_matches_baseline_three_step_does_not
R1,33504,1,1,2,1,0,1,three_step_matches_baseline_normal_does_not
R1,33741,1,1,2,1,0,1,three_step_matches_baseline_normal_does_not
R1,34332,2,2,1,1,0,1,three_step_matches_baseline_normal_does_not
R1,34915,2,2,1,1,0,1,three_step_matches_baseline_normal_does_not
R1,35907,2,2,1,1,0,1,three_step_matches_baseline_normal_does_not
R1,35918,2,1,2,0,1,1,normal_matches_baseline_three_step_does_not
R1,36686,2,2,1,1,0,1,three_step_matches_baseline_normal_does_not
R1,37102,2,1,2,0,1,1,normal_matches_baseline_three_step_does_not
R1,37435,1,1,2,1,0,1,three_step_matches_baseline_normal_does_not
R1,37617,2,2,1,1,0,1,three_step_matches_baseline_normal_does_not
R1,37725,2,2,1,1,0,1,three_step_matches_baseline_normal_does_not
R1,38093,2,2,1,1,0,1,three_step_matches_baseline_normal_does_not
R1,38168,1,1,2,1,0,1,three_step_matches_baseline_normal_does_not
R1,38267,2,1,2,0,1,1,normal_matches_baseline_three_step_does_not
R1,39152,1,2,1,0,1,1,normal_matches_baseline_three_step_does_not
R1,39630,1,1,2,1,0,1,three_step_matches_baseline_normal_does_not
R1,40029,1,2,1,0,1,1,normal_matches_baseline_three_step_does_not
R1,40145,2,1,2,0,1,1,normal_matches_baseline_three_step_does_not
R1,40857,2,2,1,1,0,1,three_step_matches_baseline_normal_does_not
R1,40920,2,2,1,1,0,1,three_step_matches_baseline_normal_does_not
R1,41416,1,2,1,0,1,1,normal_matches_baseline_three_step_does_not
R1,42344,2,1,2,0,1,1,normal_matches_baseline_three_step_does_not
R1,42742,1,1,2,1,0,1,three_step_matches_baseline_normal_does_not
R1,43113,1,2,1,0,1,1,normal_matches_baseline_three_step_does_not
R1,43191,1,1,2,1,0,1,three_step_matches_baseline_normal_does_not
R1,44147,2,2,1,1,0,1,three_step_matches_baseline_normal_does_not
R1,45424,2,2,1,1,0,1,three_step_matches_baseline_normal_does_not
R1,45919,1,2,1,0,1,1,normal_matches_baseline_three_step_does_not
R1,46218,2,1,2,0,1,1,normal_matches_baseline_three_step_does_not
R1,47065,1,2,1,0,1,1,normal_matches_baseline_three_step_does_not
R1,48441,2,2,1,1,0,1,three_step_matches_baseline_normal_does_not
R1,49168,2,1,2,0,1,1,normal_matches_baseline_three_step_does_not
V3,3081,1,2,1,0,1,1,normal_matches_baseline_three_step_does_not
V3,3979,2,2,1,1,0,1,three_step_matches_baseline_normal_does_not
V3,4851,2,1,2,0,1,1,normal_matches_baseline_three_step_does_not
V3,7235,2,1,2,0,1,1,normal_matches_baseline_three_step_does_not
V3,9134,2,2,1,1,0,1,three_step_matches_baseline_normal_does_not
V3,9632,2,2,1,1,0,1,three_step_matches_baseline_normal_does_not
V3,13384,1,2,1,0,1,1,normal_matches_baseline_three_step_does_not
V3,13400,2,2,1,1,0,1,three_step_matches_baseline_normal_does_not
V3,13447,2,1,2,0,1,1,normal_matches_baseline_three_step_does_not
V3,13726,2,1,2,0,1,1,normal_matches_baseline_three_step_does_not
V3,13920,2,2,1,1,0,1,three_step_matches_baseline_normal_does_not
V3,14707,2,2,1,1,0,1,three_step_matches_baseline_normal_does_not
V3,15452,2,2,1,1,0,1,three_step_matches_baseline_normal_does_not
V3,15980,2,1,2,0,1,1,normal_matches_baseline_three_step_does_not
V3,16213,1,2,1,0,1,1,normal_matches_baseline_three_step_does_not
V3,17280,2,1,2,0,1,1,normal_matches_baseline_three_step_does_not
V3,18652,1,2,1,0,1,1,normal_matches_baseline_three_step_does_not
V3,18805,2,2,1,1,0,1,three_step_matches_baseline_normal_does_not
V3,19968,2,2,1,1,0,1,three_step_matches_baseline_normal_does_not
V3,20407,1,2,1,0,1,1,normal_matches_baseline_three_step_does_not
V3,20549,1,1,2,1,0,1,three_step_matches_baseline_normal_does_not
V3,23404,2,2,1,1,0,1,three_step_matches_baseline_normal_does_not
V3,23620,2,2,1,1,0,1,three_step_matches_baseline_normal_does_not
V3,24174,2,2,1,1,0,1,three_step_matches_baseline_normal_does_not
V3,24260,2,2,1,1,0,1,three_step_matches_baseline_normal_does_not
V3,24673,2,2,1,1,0,1,three_step_matches_baseline_normal_does_not
V3,24959,2,1,2,0,1,1,normal_matches_baseline_three_step_does_not
V3,25435,1,1,2,1,0,1,three_step_matches_baseline_normal_does_not
V3,26161,1,2,1,0,1,1,normal_matches_baseline_three_step_does_not
V3,28019,1,1,2,1,0,1,three_step_matches_baseline_normal_does_not
V3,28490,1,1,2,1,0,1,three_step_matches_baseline_normal_does_not
V3,29454,2,2,1,1,0,1,three_step_matches_baseline_normal_does_not
V3,30544,1,1,2,1,0,1,three_step_matches_baseline_normal_does_not
V3,30694,2,2,1,1,0,1,three_step_matches_baseline_normal_does_not
V3,31808,2,2,1,1,0,1,three_step_matches_baseline_normal_does_not
V3,33322,2,1,2,0,1,1,normal_matches_baseline_three_step_does_not
V3,34332,2,2,1,1,0,1,three_step_matches_baseline_normal_does_not
V3,36341,2,2,1,1,0,1,three_step_matches_baseline_normal_does_not
V3,36785,1,2,1,0,1,1,normal_matches_baseline_three_step_does_not
V3,37404,1,2,1,0,1,1,normal_matches_baseline_three_step_does_not
V3,37542,1,1,2,1,0,1,three_step_matches_baseline_normal_does_not
V3,38920,2,2,1,1,0,1,three_step_matches_baseline_normal_does_not
V3,40923,1,2,1,0,1,1,normal_matches_baseline_three_step_does_not
V3,40991,1,1,2,1,0,1,three_step_matches_baseline_normal_does_not
V3,43878,1,2,1,0,1,1,normal_matches_baseline_three_step_does_not
V3,45919,1,1,2,1,0,1,three_step_matches_baseline_normal_does_not
V3,46026,1,2,1,0,1,1,normal_matches_baseline_three_step_does_not
V3,46371,1,2,1,0,1,1,normal_matches_baseline_three_step_does_not
