model,left_mode,right_mode,total_compared,consistent_count,consistency_rate
CN,Neutral,Neutral-CoT,1160,1141,0.9836206896551725
CN,Neutral,EI,1196,1089,0.9105351170568562
CN,Neutral,EA,1149,1054,0.917319408181027
CN,Neutral-CoT,EI,1199,1080,0.9007506255212677
CN,Neutral-CoT,EA,1149,1057,0.9199303742384682
CN,EI,EA,1212,1177,0.9711221122112211
CT,Neutral,Neutral-CoT,1169,1150,0.9837467921300257
CT,Neutral,EI,1204,1095,0.909468438538206
CT,Neutral,EA,1176,1071,0.9107142857142857
CT,Neutral-CoT,EI,1175,1076,0.9157446808510639
CT,Neutral-CoT,EA,1150,1063,0.9243478260869565
CT,EI,EA,1211,1186,0.9793559042113955
R1,Neutral,Neutral-CoT,1168,1159,0.9922945205479452
R1,Neutral,EI,1089,951,0.8732782369146006
R1,Neutral,EA,1125,1031,0.9164444444444444
R1,Neutral-CoT,EI,1124,967,0.8603202846975089
R1,Neutral-CoT,EA,1146,1045,0.9118673647469459
R1,EI,EA,1124,1071,0.952846975088968
V3,Neutral,Neutral-CoT,1237,1229,0.9935327405012127
V3,Neutral,EI,1170,1045,0.8931623931623932
V3,Neutral,EA,1190,1069,0.8983193277310925
V3,Neutral-CoT,EI,1177,1067,0.9065420560747663
V3,Neutral-CoT,EA,1205,1098,0.9112033195020747
V3,EI,EA,1194,1176,0.9849246231155779
