mode,model,n_valid_items_C_mk,n_consistent,consistency_rate,required_runs,available_runs,missing_required_runs
Neutral,CN,1360,1235,0.9080882352941176,"1,2,3","1,2,3",False
Neutral,CT,1360,1265,0.9301470588235294,"1,2,3","1,2,3",False
Neutral,R1,1360,1216,0.8941176470588236,"1,2,3","1,2,3",False
Neutral,V3,1360,1269,0.9330882352941177,"1,2,3","1,2,3",False
Neutral-CoT,CN,1360,1243,0.9139705882352941,"1,2,3","1,2,3",False
Neutral-CoT,CT,1360,1230,0.9044117647058824,"1,2,3","1,2,3",False
Neutral-CoT,R1,1360,1252,0.9205882352941176,"1,2,3","1,2,3",False
Neutral-CoT,V3,1359,1282,0.9433406916850625,"1,2,3","1,2,3",False
EI,CN,1357,1307,0.9631540162122328,"1,2,3","1,2,3",False
EI,CT,1359,1292,0.9506990434142752,"1,2,3","1,2,3",False
EI,R1,1359,1213,0.8925680647534953,"1,2,3","1,2,3",False
EI,V3,1360,1245,0.9154411764705882,"1,2,3","1,2,3",False
EA,CN,1358,1246,0.9175257731958762,"1,2,3","1,2,3",False
EA,CT,1360,1253,0.9213235294117647,"1,2,3","1,2,3",False
EA,R1,1359,1240,0.9124356144223694,"1,2,3","1,2,3",False
EA,V3,1360,1267,0.9316176470588236,"1,2,3","1,2,3",False
