idx,K,agreement_score,n_unique_choices,full_coverage
107,16,1.0,1,True
176,16,1.0,1,True
257,13,1.0,1,False
283,13,1.0,1,False
284,16,1.0,1,True
287,16,1.0,1,True
310,16,1.0,1,True
337,13,1.0,1,False
379,16,1.0,1,True
393,16,1.0,1,True
405,15,1.0,1,False
450,16,1.0,1,True
504,16,1.0,1,True
525,10,1.0,1,False
545,16,1.0,1,True
626,14,1.0,1,False
715,16,1.0,1,True
722,16,1.0,1,True
793,16,1.0,1,True
856,16,1.0,1,True
893,16,1.0,1,True
922,15,1.0,1,False
1029,16,1.0,1,True
1106,14,1.0,1,False
1176,12,1.0,1,False
1200,16,1.0,1,True
1261,16,1.0,1,True
1285,12,1.0,1,False
1347,15,1.0,1,False
1363,16,1.0,1,True
1421,14,1.0,1,False
1481,16,1.0,1,True
1552,16,1.0,1,True
1573,16,1.0,1,True
1656,16,1.0,1,True
1687,16,1.0,1,True
1707,16,1.0,1,True
1735,15,1.0,1,False
1755,16,1.0,1,True
1814,16,1.0,1,True
1819,16,1.0,1,True
1822,16,1.0,1,True
1862,13,1.0,1,False
2004,16,1.0,1,True
2039,15,1.0,1,False
2055,16,1.0,1,True
2068,16,1.0,1,True
2081,14,1.0,1,False
2155,16,1.0,1,True
2170,10,1.0,1,False
2221,16,1.0,1,True
2288,16,1.0,1,True
2375,16,1.0,1,True
2379,13,1.0,1,False
2426,16,1.0,1,True
2584,16,1.0,1,True
2585,13,1.0,1,False
2600,16,1.0,1,True
2732,15,1.0,1,False
2844,16,1.0,1,True
2891,16,1.0,1,True
2932,16,1.0,1,True
3056,16,1.0,1,True
3102,16,1.0,1,True
3191,16,1.0,1,True
3297,16,1.0,1,True
3363,16,1.0,1,True
3367,15,1.0,1,False
3429,16,1.0,1,True
3440,16,1.0,1,True
3524,16,1.0,1,True
3567,14,1.0,1,False
3631,16,1.0,1,True
3824,16,1.0,1,True
3839,12,1.0,1,False
3867,16,1.0,1,True
3971,16,1.0,1,True
4066,16,1.0,1,True
4087,16,1.0,1,True
4153,15,1.0,1,False
4187,16,1.0,1,True
4207,16,1.0,1,True
4211,16,1.0,1,True
4303,16,1.0,1,True
4314,16,1.0,1,True
4348,16,1.0,1,True
4447,16,1.0,1,True
4462,16,1.0,1,True
4591,15,1.0,1,False
4624,16,1.0,1,True
4652,16,1.0,1,True
4663,16,1.0,1,True
4706,16,1.0,1,True
4716,16,1.0,1,True
4744,15,1.0,1,False
4767,16,1.0,1,True
4795,16,1.0,1,True
4827,13,1.0,1,False
4829,16,1.0,1,True
4851,14,1.0,1,False
4871,15,1.0,1,False
4927,16,1.0,1,True
4937,12,1.0,1,False
5009,15,1.0,1,False
5024,16,1.0,1,True
5086,16,1.0,1,True
5105,14,1.0,1,False
5119,16,1.0,1,True
5120,16,1.0,1,True
5406,16,1.0,1,True
5424,16,1.0,1,True
5499,16,1.0,1,True
5570,16,1.0,1,True
5619,16,1.0,1,True
5651,16,1.0,1,True
5797,16,1.0,1,True
5824,16,1.0,1,True
5829,16,1.0,1,True
5906,16,1.0,1,True
5913,13,1.0,1,False
5998,16,1.0,1,True
6010,16,1.0,1,True
6111,16,1.0,1,True
6137,16,1.0,1,True
6156,16,1.0,1,True
6252,14,1.0,1,False
6253,16,1.0,1,True
6255,16,1.0,1,True
6295,16,1.0,1,True
6347,16,1.0,1,True
6374,16,1.0,1,True
6452,16,1.0,1,True
6465,16,1.0,1,True
6484,16,1.0,1,True
6595,16,1.0,1,True
6631,16,1.0,1,True
6715,16,1.0,1,True
6728,16,1.0,1,True
6756,16,1.0,1,True
6812,16,1.0,1,True
6824,16,1.0,1,True
6867,16,1.0,1,True
6899,16,1.0,1,True
6977,16,1.0,1,True
6991,16,1.0,1,True
7001,15,1.0,1,False
7004,16,1.0,1,True
7070,16,1.0,1,True
7096,15,1.0,1,False
7099,16,1.0,1,True
7194,16,1.0,1,True
7220,16,1.0,1,True
7235,13,1.0,1,False
7313,16,1.0,1,True
7387,15,1.0,1,False
7407,16,1.0,1,True
7430,16,1.0,1,True
7439,16,1.0,1,True
7498,16,1.0,1,True
7550,16,1.0,1,True
7553,16,1.0,1,True
7555,16,1.0,1,True
7581,16,1.0,1,True
7599,15,1.0,1,False
7631,12,1.0,1,False
7654,16,1.0,1,True
7687,16,1.0,1,True
7723,16,1.0,1,True
7887,15,1.0,1,False
7894,16,1.0,1,True
7915,14,1.0,1,False
7966,15,1.0,1,False
8015,16,1.0,1,True
8139,16,1.0,1,True
8366,16,1.0,1,True
8444,16,1.0,1,True
8477,11,1.0,1,False
8580,16,1.0,1,True
8614,15,1.0,1,False
8630,16,1.0,1,True
8672,16,1.0,1,True
8816,14,1.0,1,False
8902,16,1.0,1,True
8923,16,1.0,1,True
8948,16,1.0,1,True
8993,16,1.0,1,True
9004,16,1.0,1,True
9089,16,1.0,1,True
9134,16,1.0,1,True
9246,16,1.0,1,True
9268,16,1.0,1,True
9325,15,1.0,1,False
9349,16,1.0,1,True
9357,16,1.0,1,True
9417,16,1.0,1,True
9465,16,1.0,1,True
9469,16,1.0,1,True
9635,16,1.0,1,True
9677,16,1.0,1,True
9715,16,1.0,1,True
9774,16,1.0,1,True
9796,16,1.0,1,True
9892,16,1.0,1,True
9899,14,1.0,1,False
9907,14,1.0,1,False
9934,16,1.0,1,True
9987,15,1.0,1,False
10022,16,1.0,1,True
10156,16,1.0,1,True
10163,16,1.0,1,True
10174,14,1.0,1,False
10189,12,1.0,1,False
10210,16,1.0,1,True
10328,16,1.0,1,True
10330,16,1.0,1,True
10375,16,1.0,1,True
10400,13,1.0,1,False
10423,16,1.0,1,True
10434,16,1.0,1,True
10450,14,1.0,1,False
10566,16,1.0,1,True
10600,14,1.0,1,False
10610,16,1.0,1,True
10634,16,1.0,1,True
10771,16,1.0,1,True
10910,16,1.0,1,True
10954,16,1.0,1,True
10978,16,1.0,1,True
11024,13,1.0,1,False
11102,16,1.0,1,True
11120,16,1.0,1,True
11132,12,1.0,1,False
11189,16,1.0,1,True
11511,16,1.0,1,True
11523,16,1.0,1,True
11525,16,1.0,1,True
11553,12,1.0,1,False
11596,16,1.0,1,True
11630,16,1.0,1,True
11742,16,1.0,1,True
11786,16,1.0,1,True
11850,16,1.0,1,True
11870,16,1.0,1,True
11874,16,1.0,1,True
11930,16,1.0,1,True
11935,16,1.0,1,True
11967,16,1.0,1,True
12012,15,1.0,1,False
12074,16,1.0,1,True
12151,16,1.0,1,True
12153,16,1.0,1,True
12271,16,1.0,1,True
12285,16,1.0,1,True
12301,14,1.0,1,False
12429,16,1.0,1,True
12486,15,1.0,1,False
12494,16,1.0,1,True
12645,16,1.0,1,True
12732,16,1.0,1,True
12798,16,1.0,1,True
12830,16,1.0,1,True
12860,16,1.0,1,True
12896,16,1.0,1,True
12926,16,1.0,1,True
12936,15,1.0,1,False
12948,16,1.0,1,True
12975,16,1.0,1,True
13035,15,1.0,1,False
13050,16,1.0,1,True
13137,16,1.0,1,True
13200,14,1.0,1,False
13227,16,1.0,1,True
13319,16,1.0,1,True
13334,14,1.0,1,False
13447,14,1.0,1,False
13469,14,1.0,1,False
13484,16,1.0,1,True
13518,15,1.0,1,False
13785,16,1.0,1,True
13843,16,1.0,1,True
13864,16,1.0,1,True
13874,16,1.0,1,True
14011,16,1.0,1,True
14047,14,1.0,1,False
14055,16,1.0,1,True
14074,16,1.0,1,True
14137,14,1.0,1,False
14139,16,1.0,1,True
14259,16,1.0,1,True
14325,16,1.0,1,True
14408,16,1.0,1,True
14469,16,1.0,1,True
14488,15,1.0,1,False
14532,16,1.0,1,True
14550,15,1.0,1,False
14557,16,1.0,1,True
14617,16,1.0,1,True
14759,16,1.0,1,True
14793,16,1.0,1,True
14796,16,1.0,1,True
14818,12,1.0,1,False
14845,16,1.0,1,True
14868,16,1.0,1,True
14900,16,1.0,1,True
14932,16,1.0,1,True
14970,16,1.0,1,True
14988,16,1.0,1,True
15035,16,1.0,1,True
15066,16,1.0,1,True
15133,16,1.0,1,True
15176,16,1.0,1,True
15189,16,1.0,1,True
15254,15,1.0,1,False
15290,16,1.0,1,True
15363,16,1.0,1,True
15535,16,1.0,1,True
15614,16,1.0,1,True
15620,16,1.0,1,True
15693,15,1.0,1,False
15735,16,1.0,1,True
15799,13,1.0,1,False
15883,16,1.0,1,True
15980,10,1.0,1,False
16114,16,1.0,1,True
16120,16,1.0,1,True
16174,16,1.0,1,True
16213,14,1.0,1,False
16230,16,1.0,1,True
16264,16,1.0,1,True
16339,15,1.0,1,False
16355,16,1.0,1,True
16398,16,1.0,1,True
16521,14,1.0,1,False
16572,16,1.0,1,True
16600,16,1.0,1,True
16614,16,1.0,1,True
16642,16,1.0,1,True
16731,16,1.0,1,True
16801,16,1.0,1,True
16845,16,1.0,1,True
16858,16,1.0,1,True
16903,12,1.0,1,False
16977,16,1.0,1,True
17002,16,1.0,1,True
17048,16,1.0,1,True
17121,16,1.0,1,True
17212,16,1.0,1,True
17322,15,1.0,1,False
17355,16,1.0,1,True
17361,14,1.0,1,False
17386,16,1.0,1,True
17423,13,1.0,1,False
17455,16,1.0,1,True
17468,15,1.0,1,False
17475,16,1.0,1,True
17744,16,1.0,1,True
17746,16,1.0,1,True
17806,16,1.0,1,True
17877,16,1.0,1,True
17885,16,1.0,1,True
17963,16,1.0,1,True
18290,16,1.0,1,True
18550,16,1.0,1,True
18613,16,1.0,1,True
18630,16,1.0,1,True
18631,16,1.0,1,True
18643,16,1.0,1,True
18652,14,1.0,1,False
18806,15,1.0,1,False
18820,16,1.0,1,True
18839,15,1.0,1,False
18874,16,1.0,1,True
18886,16,1.0,1,True
18935,15,1.0,1,False
18961,15,1.0,1,False
18998,16,1.0,1,True
19045,16,1.0,1,True
19267,16,1.0,1,True
19295,16,1.0,1,True
19331,16,1.0,1,True
19341,16,1.0,1,True
19383,16,1.0,1,True
19385,16,1.0,1,True
19395,16,1.0,1,True
19486,16,1.0,1,True
19496,16,1.0,1,True
19532,16,1.0,1,True
19538,16,1.0,1,True
19643,15,1.0,1,False
19686,16,1.0,1,True
19738,16,1.0,1,True
19794,16,1.0,1,True
19830,16,1.0,1,True
19839,16,1.0,1,True
19854,16,1.0,1,True
19915,16,1.0,1,True
19967,15,1.0,1,False
19968,16,1.0,1,True
20031,16,1.0,1,True
20195,12,1.0,1,False
20299,16,1.0,1,True
20380,16,1.0,1,True
20420,16,1.0,1,True
20422,15,1.0,1,False
20431,16,1.0,1,True
20443,16,1.0,1,True
20446,16,1.0,1,True
20465,16,1.0,1,True
20504,15,1.0,1,False
20528,14,1.0,1,False
20542,14,1.0,1,False
20609,15,1.0,1,False
20666,15,1.0,1,False
20677,16,1.0,1,True
20685,15,1.0,1,False
20716,14,1.0,1,False
20853,16,1.0,1,True
20869,16,1.0,1,True
20890,16,1.0,1,True
20964,16,1.0,1,True
20971,16,1.0,1,True
21016,14,1.0,1,False
21051,16,1.0,1,True
21074,16,1.0,1,True
21098,16,1.0,1,True
21130,16,1.0,1,True
21158,16,1.0,1,True
21165,16,1.0,1,True
21167,16,1.0,1,True
21173,16,1.0,1,True
21180,16,1.0,1,True
21203,16,1.0,1,True
21210,16,1.0,1,True
21399,16,1.0,1,True
21509,16,1.0,1,True
21544,16,1.0,1,True
21606,16,1.0,1,True
21629,16,1.0,1,True
21691,16,1.0,1,True
21847,16,1.0,1,True
21976,16,1.0,1,True
21987,16,1.0,1,True
22043,16,1.0,1,True
22052,16,1.0,1,True
22065,16,1.0,1,True
22066,16,1.0,1,True
22126,16,1.0,1,True
22166,16,1.0,1,True
22184,16,1.0,1,True
22194,16,1.0,1,True
22266,15,1.0,1,False
22314,12,1.0,1,False
22356,15,1.0,1,False
22467,16,1.0,1,True
22679,15,1.0,1,False
22707,16,1.0,1,True
22767,16,1.0,1,True
22770,16,1.0,1,True
22814,14,1.0,1,False
22819,16,1.0,1,True
22833,13,1.0,1,False
22849,16,1.0,1,True
22966,16,1.0,1,True
23023,16,1.0,1,True
23052,16,1.0,1,True
23089,16,1.0,1,True
23104,16,1.0,1,True
23128,16,1.0,1,True
23200,16,1.0,1,True
23313,14,1.0,1,False
23322,15,1.0,1,False
23323,14,1.0,1,False
23404,12,1.0,1,False
23440,16,1.0,1,True
23453,16,1.0,1,True
23505,15,1.0,1,False
23514,16,1.0,1,True
23524,16,1.0,1,True
23530,16,1.0,1,True
23574,16,1.0,1,True
23584,15,1.0,1,False
23605,16,1.0,1,True
23620,16,1.0,1,True
23648,16,1.0,1,True
23699,16,1.0,1,True
23713,16,1.0,1,True
23779,15,1.0,1,False
23871,16,1.0,1,True
23873,16,1.0,1,True
23901,14,1.0,1,False
24163,16,1.0,1,True
24304,16,1.0,1,True
24334,16,1.0,1,True
24405,16,1.0,1,True
24408,16,1.0,1,True
24500,15,1.0,1,False
24541,16,1.0,1,True
24573,16,1.0,1,True
24637,16,1.0,1,True
24706,16,1.0,1,True
24740,16,1.0,1,True
24774,16,1.0,1,True
24836,16,1.0,1,True
24902,14,1.0,1,False
24975,16,1.0,1,True
24995,16,1.0,1,True
25038,15,1.0,1,False
25109,16,1.0,1,True
25137,16,1.0,1,True
25155,16,1.0,1,True
25270,16,1.0,1,True
25302,16,1.0,1,True
25337,16,1.0,1,True
25348,14,1.0,1,False
25369,16,1.0,1,True
25416,16,1.0,1,True
25447,16,1.0,1,True
25471,16,1.0,1,True
25523,15,1.0,1,False
25650,16,1.0,1,True
25856,13,1.0,1,False
25990,16,1.0,1,True
26032,16,1.0,1,True
26129,16,1.0,1,True
26211,16,1.0,1,True
26287,16,1.0,1,True
26302,15,1.0,1,False
26321,16,1.0,1,True
26337,16,1.0,1,True
26480,16,1.0,1,True
26492,15,1.0,1,False
26528,16,1.0,1,True
26546,13,1.0,1,False
26556,15,1.0,1,False
26678,16,1.0,1,True
26714,16,1.0,1,True
26831,16,1.0,1,True
26865,15,1.0,1,False
26878,16,1.0,1,True
27088,16,1.0,1,True
27101,16,1.0,1,True
27431,16,1.0,1,True
27497,16,1.0,1,True
27524,16,1.0,1,True
27558,16,1.0,1,True
27668,16,1.0,1,True
27740,16,1.0,1,True
27786,14,1.0,1,False
27828,16,1.0,1,True
27904,16,1.0,1,True
27910,16,1.0,1,True
27911,16,1.0,1,True
28011,15,1.0,1,False
28019,12,1.0,1,False
28051,15,1.0,1,False
28114,16,1.0,1,True
28222,15,1.0,1,False
28262,16,1.0,1,True
28271,16,1.0,1,True
28341,16,1.0,1,True
28365,16,1.0,1,True
28463,16,1.0,1,True
28574,16,1.0,1,True
28656,16,1.0,1,True
28674,16,1.0,1,True
28728,16,1.0,1,True
28789,16,1.0,1,True
28822,15,1.0,1,False
28963,16,1.0,1,True
29070,16,1.0,1,True
29132,15,1.0,1,False
29144,16,1.0,1,True
29243,16,1.0,1,True
29385,16,1.0,1,True
29417,16,1.0,1,True
29454,15,1.0,1,False
29484,16,1.0,1,True
29629,16,1.0,1,True
29644,15,1.0,1,False
29679,14,1.0,1,False
29768,15,1.0,1,False
29903,15,1.0,1,False
29912,16,1.0,1,True
30052,16,1.0,1,True
30118,16,1.0,1,True
30137,16,1.0,1,True
30143,16,1.0,1,True
30180,16,1.0,1,True
30259,16,1.0,1,True
30328,16,1.0,1,True
30329,16,1.0,1,True
30336,16,1.0,1,True
30340,16,1.0,1,True
30367,16,1.0,1,True
30514,15,1.0,1,False
30637,12,1.0,1,False
30701,16,1.0,1,True
30710,16,1.0,1,True
30846,16,1.0,1,True
30856,16,1.0,1,True
30872,16,1.0,1,True
30880,16,1.0,1,True
30899,16,1.0,1,True
30936,16,1.0,1,True
31029,15,1.0,1,False
31060,16,1.0,1,True
31081,14,1.0,1,False
31089,15,1.0,1,False
31129,15,1.0,1,False
31138,16,1.0,1,True
31148,16,1.0,1,True
31247,16,1.0,1,True
31350,16,1.0,1,True
31386,16,1.0,1,True
31483,16,1.0,1,True
31597,16,1.0,1,True
31622,16,1.0,1,True
31628,16,1.0,1,True
31665,16,1.0,1,True
31720,16,1.0,1,True
31728,16,1.0,1,True
31907,16,1.0,1,True
32003,16,1.0,1,True
32090,16,1.0,1,True
32112,16,1.0,1,True
32116,16,1.0,1,True
32131,16,1.0,1,True
32263,16,1.0,1,True
32265,16,1.0,1,True
32323,16,1.0,1,True
32372,16,1.0,1,True
32463,16,1.0,1,True
32518,16,1.0,1,True
32572,16,1.0,1,True
32679,16,1.0,1,True
32722,16,1.0,1,True
32747,16,1.0,1,True
32753,16,1.0,1,True
32785,16,1.0,1,True
32872,16,1.0,1,True
32917,11,1.0,1,False
32972,16,1.0,1,True
33067,16,1.0,1,True
33126,16,1.0,1,True
33141,15,1.0,1,False
33154,16,1.0,1,True
33262,16,1.0,1,True
33345,13,1.0,1,False
33470,16,1.0,1,True
33504,15,1.0,1,False
33649,16,1.0,1,True
33743,16,1.0,1,True
33765,16,1.0,1,True
33808,16,1.0,1,True
33856,16,1.0,1,True
33859,16,1.0,1,True
33890,16,1.0,1,True
33961,16,1.0,1,True
33962,16,1.0,1,True
33986,16,1.0,1,True
34029,15,1.0,1,False
34125,16,1.0,1,True
34143,16,1.0,1,True
34215,16,1.0,1,True
34276,16,1.0,1,True
34354,14,1.0,1,False
34404,16,1.0,1,True
34460,16,1.0,1,True
34500,15,1.0,1,False
34573,13,1.0,1,False
34667,14,1.0,1,False
34714,16,1.0,1,True
34918,15,1.0,1,False
34983,16,1.0,1,True
35058,15,1.0,1,False
35127,16,1.0,1,True
35156,16,1.0,1,True
35174,16,1.0,1,True
35201,16,1.0,1,True
35204,16,1.0,1,True
35282,16,1.0,1,True
35287,16,1.0,1,True
35397,10,1.0,1,False
35429,16,1.0,1,True
35542,14,1.0,1,False
35564,16,1.0,1,True
35592,16,1.0,1,True
35643,15,1.0,1,False
35715,14,1.0,1,False
35732,16,1.0,1,True
35738,16,1.0,1,True
35880,16,1.0,1,True
35939,16,1.0,1,True
35991,16,1.0,1,True
36100,15,1.0,1,False
36117,16,1.0,1,True
36126,13,1.0,1,False
36186,16,1.0,1,True
36190,16,1.0,1,True
36199,16,1.0,1,True
36209,16,1.0,1,True
36247,16,1.0,1,True
36419,16,1.0,1,True
36434,16,1.0,1,True
36449,16,1.0,1,True
36482,16,1.0,1,True
36557,16,1.0,1,True
36734,16,1.0,1,True
36743,16,1.0,1,True
36767,13,1.0,1,False
36812,16,1.0,1,True
36819,14,1.0,1,False
36849,16,1.0,1,True
36974,16,1.0,1,True
37006,15,1.0,1,False
37016,16,1.0,1,True
37020,16,1.0,1,True
37082,16,1.0,1,True
37124,16,1.0,1,True
37245,15,1.0,1,False
37327,15,1.0,1,False
37367,16,1.0,1,True
37432,16,1.0,1,True
37490,16,1.0,1,True
37569,16,1.0,1,True
37617,14,1.0,1,False
37679,15,1.0,1,False
37723,16,1.0,1,True
37743,14,1.0,1,False
37842,16,1.0,1,True
37909,16,1.0,1,True
37955,16,1.0,1,True
38026,15,1.0,1,False
38068,16,1.0,1,True
38078,16,1.0,1,True
38144,16,1.0,1,True
38146,15,1.0,1,False
38166,16,1.0,1,True
38168,15,1.0,1,False
38245,16,1.0,1,True
38352,16,1.0,1,True
38395,16,1.0,1,True
38425,16,1.0,1,True
38485,16,1.0,1,True
38518,15,1.0,1,False
38530,16,1.0,1,True
38533,13,1.0,1,False
38562,16,1.0,1,True
38593,16,1.0,1,True
38627,16,1.0,1,True
38630,15,1.0,1,False
38721,15,1.0,1,False
38829,15,1.0,1,False
38920,11,1.0,1,False
38928,16,1.0,1,True
38947,16,1.0,1,True
39199,15,1.0,1,False
39321,16,1.0,1,True
39356,16,1.0,1,True
39388,16,1.0,1,True
39457,16,1.0,1,True
39466,14,1.0,1,False
39532,16,1.0,1,True
39553,16,1.0,1,True
39557,16,1.0,1,True
39630,13,1.0,1,False
39804,16,1.0,1,True
39842,16,1.0,1,True
39864,16,1.0,1,True
39884,15,1.0,1,False
40068,16,1.0,1,True
40135,15,1.0,1,False
40164,16,1.0,1,True
40169,8,1.0,1,False
40296,16,1.0,1,True
40497,16,1.0,1,True
40535,14,1.0,1,False
40542,16,1.0,1,True
40622,16,1.0,1,True
40653,16,1.0,1,True
40762,14,1.0,1,False
40853,16,1.0,1,True
40969,16,1.0,1,True
40991,10,1.0,1,False
41001,16,1.0,1,True
41103,14,1.0,1,False
41237,16,1.0,1,True
41239,15,1.0,1,False
41273,15,1.0,1,False
41368,16,1.0,1,True
41472,16,1.0,1,True
41581,16,1.0,1,True
41636,16,1.0,1,True
41704,16,1.0,1,True
41836,16,1.0,1,True
41973,14,1.0,1,False
42040,16,1.0,1,True
42067,16,1.0,1,True
42112,16,1.0,1,True
42166,16,1.0,1,True
42185,16,1.0,1,True
42228,16,1.0,1,True
42330,16,1.0,1,True
42335,12,1.0,1,False
42391,16,1.0,1,True
42428,14,1.0,1,False
42521,16,1.0,1,True
42572,15,1.0,1,False
42585,16,1.0,1,True
42609,14,1.0,1,False
42714,16,1.0,1,True
42860,16,1.0,1,True
42886,15,1.0,1,False
42922,13,1.0,1,False
43042,15,1.0,1,False
43070,16,1.0,1,True
43164,14,1.0,1,False
43191,13,1.0,1,False
43295,16,1.0,1,True
43350,16,1.0,1,True
43526,16,1.0,1,True
43621,16,1.0,1,True
43668,16,1.0,1,True
43764,15,1.0,1,False
43878,14,1.0,1,False
44064,16,1.0,1,True
44167,16,1.0,1,True
44178,16,1.0,1,True
44415,16,1.0,1,True
44430,16,1.0,1,True
44458,16,1.0,1,True
44479,16,1.0,1,True
44628,16,1.0,1,True
44682,16,1.0,1,True
44812,13,1.0,1,False
44887,16,1.0,1,True
44967,15,1.0,1,False
45012,16,1.0,1,True
45024,16,1.0,1,True
45075,16,1.0,1,True
45137,14,1.0,1,False
45175,15,1.0,1,False
45184,16,1.0,1,True
45314,14,1.0,1,False
45337,16,1.0,1,True
45340,16,1.0,1,True
45390,16,1.0,1,True
45470,16,1.0,1,True
45492,16,1.0,1,True
45529,16,1.0,1,True
45544,15,1.0,1,False
45784,16,1.0,1,True
45800,16,1.0,1,True
45811,16,1.0,1,True
45837,16,1.0,1,True
45893,16,1.0,1,True
45985,16,1.0,1,True
46132,15,1.0,1,False
46147,16,1.0,1,True
46160,16,1.0,1,True
46346,15,1.0,1,False
46372,16,1.0,1,True
46555,13,1.0,1,False
46569,16,1.0,1,True
46595,16,1.0,1,True
46674,16,1.0,1,True
46710,16,1.0,1,True
46751,16,1.0,1,True
46756,16,1.0,1,True
46758,9,1.0,1,False
46859,16,1.0,1,True
46880,16,1.0,1,True
46894,16,1.0,1,True
46969,16,1.0,1,True
47060,16,1.0,1,True
47097,16,1.0,1,True
47169,16,1.0,1,True
47216,16,1.0,1,True
47246,16,1.0,1,True
47249,16,1.0,1,True
47362,16,1.0,1,True
47371,16,1.0,1,True
47560,15,1.0,1,False
47619,16,1.0,1,True
47632,14,1.0,1,False
47865,16,1.0,1,True
48182,16,1.0,1,True
48246,16,1.0,1,True
48295,12,1.0,1,False
48329,16,1.0,1,True
48355,15,1.0,1,False
48449,16,1.0,1,True
48506,16,1.0,1,True
48541,16,1.0,1,True
48562,16,1.0,1,True
48563,14,1.0,1,False
48587,14,1.0,1,False
48618,15,1.0,1,False
48728,16,1.0,1,True
48859,16,1.0,1,True
48898,15,1.0,1,False
48976,16,1.0,1,True
49004,16,1.0,1,True
49047,16,1.0,1,True
49052,16,1.0,1,True
49095,16,1.0,1,True
49146,16,1.0,1,True
49189,16,1.0,1,True
49213,16,1.0,1,True
49228,16,1.0,1,True
49242,16,1.0,1,True
49325,15,1.0,1,False
49400,14,1.0,1,False
49460,16,1.0,1,True
49737,16,1.0,1,True
49855,16,1.0,1,True
49870,15,1.0,1,False
49943,16,1.0,1,True
49950,16,1.0,1,True
