mode,left_model,right_model,total_compared,consistent_count,consistency_rate
Neutral,CN,CT,1193,1188,0.9958088851634534
Neutral,CN,R1,1140,1111,0.974561403508772
Neutral,CN,V3,1174,1123,0.9565587734241908
Neutral,CT,R1,1157,1119,0.9671564390665515
Neutral,CT,V3,1194,1134,0.949748743718593
Neutral,R1,V3,1163,1135,0.9759243336199485
Neutral-CoT,CN,CT,1178,1174,0.9966044142614601
Neutral-CoT,CN,R1,1154,1099,0.9523396880415944
Neutral-CoT,CN,V3,1181,1105,0.9356477561388654
Neutral-CoT,CT,R1,1154,1099,0.9523396880415944
Neutral-CoT,CT,V3,1172,1106,0.9436860068259386
Neutral-CoT,R1,V3,1199,1150,0.9591326105087573
EI,CN,CT,1243,1181,0.9501206757843926
EI,CN,R1,1170,1018,0.8700854700854701
EI,CN,V3,1202,1058,0.8801996672212978
EI,CT,R1,1160,1031,0.8887931034482759
EI,CT,V3,1193,1070,0.8968985750209556
EI,R1,V3,1121,1028,0.9170383586083853
EA,CN,CT,1163,1109,0.9535683576956148
EA,CN,R1,1140,1024,0.8982456140350877
EA,CN,V3,1170,1039,0.888034188034188
EA,CT,R1,1156,1039,0.8987889273356401
EA,CT,V3,1171,1054,0.9000853970964987
EA,R1,V3,1164,1060,0.9106529209621993
