idx,mode,model,consensus_choice
55,EA,CT,1
55,EA,R1,1
55,EA,V3,1
107,EA,CN,2
107,EA,CT,2
107,EA,R1,2
107,EA,V3,2
176,EA,CN,1
176,EA,CT,1
176,EA,R1,1
176,EA,V3,1
257,EA,CN,1
257,EA,CT,1
257,EA,R1,1
257,EA,V3,1
283,EA,CN,2
283,EA,R1,2
283,EA,V3,2
284,EA,CN,2
284,EA,CT,2
284,EA,R1,2
284,EA,V3,2
287,EA,CN,1
287,EA,CT,1
287,EA,R1,1
287,EA,V3,1
310,EA,CN,2
310,EA,CT,2
310,EA,R1,2
310,EA,V3,2
337,EA,CN,2
337,EA,CT,2
337,EA,R1,2
337,EA,V3,2
379,EA,CN,2
379,EA,CT,2
379,EA,R1,2
379,EA,V3,2
393,EA,CN,2
393,EA,CT,2
393,EA,R1,2
393,EA,V3,2
405,EA,CN,2
405,EA,CT,2
405,EA,R1,2
405,EA,V3,2
423,EA,CN,1
423,EA,CT,1
423,EA,R1,2
423,EA,V3,2
450,EA,CN,2
450,EA,CT,2
450,EA,R1,2
450,EA,V3,2
504,EA,CN,2
504,EA,CT,2
504,EA,R1,2
504,EA,V3,2
525,EA,CN,2
525,EA,CT,2
525,EA,R1,2
525,EA,V3,2
545,EA,CN,1
545,EA,CT,1
545,EA,R1,1
545,EA,V3,1
626,EA,CN,2
626,EA,V3,2
715,EA,CN,2
715,EA,CT,2
715,EA,R1,2
715,EA,V3,2
722,EA,CN,1
722,EA,CT,1
722,EA,R1,1
722,EA,V3,1
793,EA,CN,2
793,EA,CT,2
793,EA,R1,2
793,EA,V3,2
804,EA,CN,2
804,EA,CT,2
804,EA,R1,2
804,EA,V3,2
813,EA,CN,2
813,EA,CT,2
813,EA,V3,2
856,EA,CN,2
856,EA,CT,2
856,EA,R1,2
856,EA,V3,2
893,EA,CN,2
893,EA,CT,2
893,EA,R1,2
893,EA,V3,2
922,EA,CN,1
922,EA,CT,1
922,EA,R1,1
922,EA,V3,1
1029,EA,CN,2
1029,EA,CT,2
1029,EA,R1,2
1029,EA,V3,2
1057,EA,CN,1
1057,EA,CT,1
1057,EA,R1,1
1057,EA,V3,1
1106,EA,CN,1
1106,EA,CT,1
1106,EA,R1,1
1106,EA,V3,1
1176,EA,CN,2
1176,EA,R1,2
1176,EA,V3,2
1199,EA,CN,1
1199,EA,R1,1
1199,EA,V3,1
1200,EA,CN,2
1200,EA,CT,2
1200,EA,R1,2
1200,EA,V3,2
1205,EA,R1,2
1205,EA,V3,1
1227,EA,CN,2
1227,EA,CT,2
1227,EA,R1,2
1227,EA,V3,2
1261,EA,CN,2
1261,EA,CT,2
1261,EA,R1,2
1261,EA,V3,2
1285,EA,CN,1
1285,EA,R1,1
1285,EA,V3,1
1290,EA,CN,1
1290,EA,CT,1
1290,EA,R1,2
1290,EA,V3,1
1347,EA,CN,1
1347,EA,CT,1
1347,EA,V3,1
1352,EA,CN,2
1352,EA,CT,2
1352,EA,R1,2
1352,EA,V3,2
1363,EA,CN,2
1363,EA,CT,2
1363,EA,R1,2
1363,EA,V3,2
1421,EA,CN,1
1421,EA,CT,1
1421,EA,V3,1
1434,EA,CN,2
1434,EA,CT,2
1434,EA,R1,2
1481,EA,CN,1
1481,EA,CT,1
1481,EA,R1,1
1481,EA,V3,1
1545,EA,CN,2
1545,EA,CT,1
1545,EA,R1,2
1545,EA,V3,1
1552,EA,CN,1
1552,EA,CT,1
1552,EA,R1,1
1552,EA,V3,1
1573,EA,CN,1
1573,EA,CT,1
1573,EA,R1,1
1573,EA,V3,1
1656,EA,CN,2
1656,EA,CT,2
1656,EA,R1,2
1656,EA,V3,2
1687,EA,CN,1
1687,EA,CT,1
1687,EA,R1,1
1687,EA,V3,1
1707,EA,CN,2
1707,EA,CT,2
1707,EA,R1,2
1707,EA,V3,2
1733,EA,CN,2
1733,EA,CT,2
1733,EA,R1,2
1733,EA,V3,2
1735,EA,CN,2
1735,EA,CT,2
1735,EA,R1,2
1735,EA,V3,2
1755,EA,CN,2
1755,EA,CT,2
1755,EA,R1,2
1755,EA,V3,2
1808,EA,CN,2
1808,EA,CT,2
1808,EA,R1,2
1808,EA,V3,1
1814,EA,CN,2
1814,EA,CT,2
1814,EA,R1,2
1814,EA,V3,2
1819,EA,CN,2
1819,EA,CT,2
1819,EA,R1,2
1819,EA,V3,2
1822,EA,CN,1
1822,EA,CT,1
1822,EA,R1,1
1822,EA,V3,1
1823,EA,CN,1
1823,EA,CT,1
1823,EA,R1,1
1823,EA,V3,1
1862,EA,CN,1
1862,EA,R1,1
1862,EA,V3,1
2004,EA,CN,2
2004,EA,CT,2
2004,EA,R1,2
2004,EA,V3,2
2039,EA,CN,2
2039,EA,CT,2
2039,EA,R1,2
2039,EA,V3,2
2055,EA,CN,1
2055,EA,CT,1
2055,EA,R1,1
2055,EA,V3,1
2068,EA,CN,2
2068,EA,CT,2
2068,EA,R1,2
2068,EA,V3,2
2081,EA,CT,1
2081,EA,R1,1
2081,EA,V3,1
2155,EA,CN,2
2155,EA,CT,2
2155,EA,R1,2
2155,EA,V3,2
2170,EA,R1,1
2170,EA,V3,1
2221,EA,CN,2
2221,EA,CT,2
2221,EA,R1,2
2221,EA,V3,2
2288,EA,CN,2
2288,EA,CT,2
2288,EA,R1,2
2288,EA,V3,2
2375,EA,CN,2
2375,EA,CT,2
2375,EA,R1,2
2375,EA,V3,2
2379,EA,CN,1
2379,EA,V3,1
2408,EA,CN,1
2408,EA,CT,1
2408,EA,V3,2
2426,EA,CN,2
2426,EA,CT,2
2426,EA,R1,2
2426,EA,V3,2
2584,EA,CN,2
2584,EA,CT,2
2584,EA,R1,2
2584,EA,V3,2
2585,EA,CN,1
2585,EA,CT,1
2585,EA,V3,1
2599,EA,CN,1
2599,EA,CT,2
2599,EA,V3,2
2600,EA,CN,1
2600,EA,CT,1
2600,EA,R1,1
2600,EA,V3,1
2732,EA,CN,2
2732,EA,CT,2
2732,EA,R1,2
2732,EA,V3,2
2844,EA,CN,1
2844,EA,CT,1
2844,EA,R1,1
2844,EA,V3,1
2891,EA,CN,2
2891,EA,CT,2
2891,EA,R1,2
2891,EA,V3,2
2932,EA,CN,2
2932,EA,CT,2
2932,EA,R1,2
2932,EA,V3,2
2983,EA,CN,1
2983,EA,CT,1
2983,EA,R1,1
2983,EA,V3,1
3056,EA,CN,1
3056,EA,CT,1
3056,EA,R1,1
3056,EA,V3,1
3081,EA,CT,1
3081,EA,R1,1
3102,EA,CN,1
3102,EA,CT,1
3102,EA,R1,1
3102,EA,V3,1
3191,EA,CN,1
3191,EA,CT,1
3191,EA,R1,1
3191,EA,V3,1
3230,EA,CT,1
3230,EA,R1,2
3297,EA,CN,1
3297,EA,CT,1
3297,EA,R1,1
3297,EA,V3,1
3363,EA,CN,1
3363,EA,CT,1
3363,EA,R1,1
3363,EA,V3,1
3367,EA,CN,2
3367,EA,CT,2
3367,EA,R1,2
3367,EA,V3,2
3385,EA,CN,1
3385,EA,CT,1
3385,EA,V3,2
3400,EA,CN,1
3400,EA,CT,2
3400,EA,V3,1
3418,EA,CN,1
3418,EA,CT,1
3418,EA,R1,1
3418,EA,V3,1
3429,EA,CN,2
3429,EA,CT,2
3429,EA,R1,2
3429,EA,V3,2
3440,EA,CN,1
3440,EA,CT,1
3440,EA,R1,1
3440,EA,V3,1
3512,EA,CN,2
3512,EA,CT,2
3512,EA,R1,2
3512,EA,V3,2
3524,EA,CN,1
3524,EA,CT,1
3524,EA,R1,1
3524,EA,V3,1
3567,EA,CN,1
3567,EA,CT,1
3567,EA,V3,1
3631,EA,CN,2
3631,EA,CT,2
3631,EA,R1,2
3631,EA,V3,2
3811,EA,CN,1
3811,EA,V3,1
3824,EA,CN,1
3824,EA,CT,1
3824,EA,R1,1
3824,EA,V3,1
3839,EA,CN,1
3839,EA,CT,1
3839,EA,R1,1
3839,EA,V3,1
3867,EA,CN,1
3867,EA,CT,1
3867,EA,R1,1
3867,EA,V3,1
3868,EA,CN,1
3868,EA,CT,2
3868,EA,R1,1
3868,EA,V3,1
3912,EA,CT,2
3912,EA,V3,1
3929,EA,CT,1
3929,EA,V3,1
3954,EA,CN,1
3954,EA,CT,2
3954,EA,R1,2
3954,EA,V3,2
3971,EA,CN,2
3971,EA,CT,2
3971,EA,R1,2
3971,EA,V3,2
3979,EA,CN,2
3979,EA,CT,2
3979,EA,R1,2
4011,EA,CN,1
4011,EA,V3,1
4017,EA,CN,1
4017,EA,CT,1
4017,EA,R1,1
4017,EA,V3,2
4066,EA,CN,2
4066,EA,CT,2
4066,EA,R1,2
4066,EA,V3,2
4087,EA,CN,2
4087,EA,CT,2
4087,EA,R1,2
4087,EA,V3,2
4153,EA,CN,2
4153,EA,CT,2
4153,EA,R1,2
4153,EA,V3,2
4182,EA,CN,2
4182,EA,R1,2
4182,EA,V3,2
4187,EA,CN,1
4187,EA,CT,1
4187,EA,R1,1
4187,EA,V3,1
4207,EA,CN,1
4207,EA,CT,1
4207,EA,R1,1
4207,EA,V3,1
4211,EA,CN,1
4211,EA,CT,1
4211,EA,R1,1
4211,EA,V3,1
4303,EA,CN,1
4303,EA,CT,1
4303,EA,R1,1
4303,EA,V3,1
4314,EA,CN,1
4314,EA,CT,1
4314,EA,R1,1
4314,EA,V3,1
4339,EA,CT,2
4339,EA,R1,1
4339,EA,V3,1
4348,EA,CN,2
4348,EA,CT,2
4348,EA,R1,2
4348,EA,V3,2
4447,EA,CN,1
4447,EA,CT,1
4447,EA,R1,1
4447,EA,V3,1
4462,EA,CN,1
4462,EA,CT,1
4462,EA,R1,1
4462,EA,V3,1
4591,EA,CN,1
4591,EA,CT,1
4591,EA,V3,1
4624,EA,CN,2
4624,EA,CT,2
4624,EA,R1,2
4624,EA,V3,2
4651,EA,CN,2
4651,EA,CT,2
4651,EA,R1,2
4651,EA,V3,2
4652,EA,CN,1
4652,EA,CT,1
4652,EA,R1,1
4652,EA,V3,1
4663,EA,CN,1
4663,EA,CT,1
4663,EA,R1,1
4663,EA,V3,1
4706,EA,CN,2
4706,EA,CT,2
4706,EA,R1,2
4706,EA,V3,2
4716,EA,CN,1
4716,EA,CT,1
4716,EA,R1,1
4716,EA,V3,1
4744,EA,CN,2
4744,EA,CT,2
4744,EA,V3,2
4767,EA,CN,1
4767,EA,CT,1
4767,EA,R1,1
4767,EA,V3,1
4795,EA,CN,1
4795,EA,CT,1
4795,EA,R1,1
4795,EA,V3,1
4797,EA,CN,2
4797,EA,CT,1
4797,EA,V3,1
4812,EA,CN,2
4812,EA,CT,2
4812,EA,R1,1
4812,EA,V3,2
4827,EA,CT,2
4827,EA,V3,2
4829,EA,CN,2
4829,EA,CT,2
4829,EA,R1,2
4829,EA,V3,2
4851,EA,CN,2
4851,EA,CT,2
4856,EA,CT,1
4856,EA,R1,2
4856,EA,V3,1
4865,EA,CT,1
4871,EA,CN,1
4871,EA,CT,1
4871,EA,R1,1
4871,EA,V3,1
4927,EA,CN,2
4927,EA,CT,2
4927,EA,R1,2
4927,EA,V3,2
4937,EA,V3,1
5006,EA,R1,2
5009,EA,CN,1
5009,EA,CT,1
5009,EA,R1,1
5009,EA,V3,1
5024,EA,CN,1
5024,EA,CT,1
5024,EA,R1,1
5024,EA,V3,1
5070,EA,CN,1
5070,EA,CT,1
5070,EA,R1,1
5070,EA,V3,1
5086,EA,CN,2
5086,EA,CT,2
5086,EA,R1,2
5086,EA,V3,2
5105,EA,CN,2
5105,EA,CT,2
5105,EA,R1,2
5105,EA,V3,2
5119,EA,CN,1
5119,EA,CT,1
5119,EA,R1,1
5119,EA,V3,1
5120,EA,CN,2
5120,EA,CT,2
5120,EA,R1,2
5120,EA,V3,2
5159,EA,CN,1
5159,EA,CT,1
5159,EA,R1,1
5159,EA,V3,1
5406,EA,CN,1
5406,EA,CT,1
5406,EA,R1,1
5406,EA,V3,1
5424,EA,CN,2
5424,EA,CT,2
5424,EA,R1,2
5424,EA,V3,2
5475,EA,CT,2
5475,EA,R1,2
5475,EA,V3,1
5499,EA,CN,1
5499,EA,CT,1
5499,EA,R1,1
5499,EA,V3,1
5570,EA,CN,1
5570,EA,CT,1
5570,EA,R1,1
5570,EA,V3,1
5586,EA,CN,1
5586,EA,CT,2
5586,EA,R1,1
5619,EA,CN,2
5619,EA,CT,2
5619,EA,R1,2
5619,EA,V3,2
5651,EA,CN,1
5651,EA,CT,1
5651,EA,R1,1
5651,EA,V3,1
5741,EA,CT,2
5741,EA,R1,2
5797,EA,CN,2
5797,EA,CT,2
5797,EA,R1,2
5797,EA,V3,2
5824,EA,CN,2
5824,EA,CT,2
5824,EA,R1,2
5824,EA,V3,2
5829,EA,CN,1
5829,EA,CT,1
5829,EA,R1,1
5829,EA,V3,1
5834,EA,CT,1
5834,EA,R1,2
5906,EA,CN,2
5906,EA,CT,2
5906,EA,R1,2
5906,EA,V3,2
5913,EA,CN,2
5913,EA,CT,2
5913,EA,R1,2
5913,EA,V3,2
5938,EA,CN,2
5938,EA,CT,2
5938,EA,R1,2
5938,EA,V3,2
5957,EA,CN,2
5957,EA,CT,2
5957,EA,R1,2
5957,EA,V3,2
5998,EA,CN,2
5998,EA,CT,2
5998,EA,R1,2
5998,EA,V3,2
6010,EA,CN,2
6010,EA,CT,2
6010,EA,R1,2
6010,EA,V3,2
6059,EA,CN,2
6059,EA,CT,2
6059,EA,R1,2
6059,EA,V3,2
6111,EA,CN,1
6111,EA,CT,1
6111,EA,R1,1
6111,EA,V3,1
6137,EA,CN,1
6137,EA,CT,1
6137,EA,R1,1
6137,EA,V3,1
6156,EA,CN,1
6156,EA,CT,1
6156,EA,R1,1
6156,EA,V3,1
6252,EA,CN,1
6252,EA,CT,1
6252,EA,V3,1
6253,EA,CN,2
6253,EA,CT,2
6253,EA,R1,2
6253,EA,V3,2
6255,EA,CN,2
6255,EA,CT,2
6255,EA,R1,2
6255,EA,V3,2
6295,EA,CN,1
6295,EA,CT,1
6295,EA,R1,1
6295,EA,V3,1
6347,EA,CN,1
6347,EA,CT,1
6347,EA,R1,1
6347,EA,V3,1
6374,EA,CN,1
6374,EA,CT,1
6374,EA,R1,1
6374,EA,V3,1
6420,EA,CT,1
6420,EA,R1,1
6452,EA,CN,1
6452,EA,CT,1
6452,EA,R1,1
6452,EA,V3,1
6465,EA,CN,1
6465,EA,CT,1
6465,EA,R1,1
6465,EA,V3,1
6484,EA,CN,2
6484,EA,CT,2
6484,EA,R1,2
6484,EA,V3,2
6488,EA,CN,1
6488,EA,CT,1
6488,EA,R1,1
6519,EA,CN,2
6519,EA,R1,2
6519,EA,V3,2
6527,EA,CN,1
6527,EA,CT,1
6527,EA,R1,1
6527,EA,V3,1
6595,EA,CN,1
6595,EA,CT,1
6595,EA,R1,1
6595,EA,V3,1
6631,EA,CN,1
6631,EA,CT,1
6631,EA,R1,1
6631,EA,V3,1
6692,EA,CN,1
6692,EA,R1,1
6692,EA,V3,1
6715,EA,CN,2
6715,EA,CT,2
6715,EA,R1,2
6715,EA,V3,2
6728,EA,CN,1
6728,EA,CT,1
6728,EA,R1,1
6728,EA,V3,1
6756,EA,CN,2
6756,EA,CT,2
6756,EA,R1,2
6756,EA,V3,2
6812,EA,CN,1
6812,EA,CT,1
6812,EA,R1,1
6812,EA,V3,1
6824,EA,CN,1
6824,EA,CT,1
6824,EA,R1,1
6824,EA,V3,1
6826,EA,R1,2
6826,EA,V3,1
6842,EA,CN,1
6842,EA,CT,1
6842,EA,R1,1
6842,EA,V3,2
6867,EA,CN,1
6867,EA,CT,1
6867,EA,R1,1
6867,EA,V3,1
6868,EA,CN,2
6868,EA,CT,2
6868,EA,R1,2
6868,EA,V3,2
6899,EA,CN,2
6899,EA,CT,2
6899,EA,R1,2
6899,EA,V3,2
6965,EA,CT,1
6965,EA,R1,2
6965,EA,V3,2
6977,EA,CN,2
6977,EA,CT,2
6977,EA,R1,2
6977,EA,V3,2
6991,EA,CN,1
6991,EA,CT,1
6991,EA,R1,1
6991,EA,V3,1
7001,EA,CN,2
7001,EA,CT,2
7001,EA,R1,2
7001,EA,V3,2
7004,EA,CN,1
7004,EA,CT,1
7004,EA,R1,1
7004,EA,V3,1
7042,EA,CT,2
7042,EA,R1,2
7042,EA,V3,2
7070,EA,CN,2
7070,EA,CT,2
7070,EA,R1,2
7070,EA,V3,2
7096,EA,CN,1
7096,EA,CT,1
7096,EA,R1,1
7096,EA,V3,1
7099,EA,CN,1
7099,EA,CT,1
7099,EA,R1,1
7099,EA,V3,1
7194,EA,CN,2
7194,EA,CT,2
7194,EA,R1,2
7194,EA,V3,2
7220,EA,CN,2
7220,EA,CT,2
7220,EA,R1,2
7220,EA,V3,2
7235,EA,CT,2
7235,EA,R1,2
7313,EA,CN,2
7313,EA,CT,2
7313,EA,R1,2
7313,EA,V3,2
7387,EA,CN,1
7387,EA,CT,1
7387,EA,V3,1
7407,EA,CN,1
7407,EA,CT,1
7407,EA,R1,1
7407,EA,V3,1
7430,EA,CN,2
7430,EA,CT,2
7430,EA,R1,2
7430,EA,V3,2
7439,EA,CN,1
7439,EA,CT,1
7439,EA,R1,1
7439,EA,V3,1
7451,EA,CN,1
7451,EA,CT,2
7451,EA,R1,2
7451,EA,V3,2
7498,EA,CN,2
7498,EA,CT,2
7498,EA,R1,2
7498,EA,V3,2
7550,EA,CN,1
7550,EA,CT,1
7550,EA,R1,1
7550,EA,V3,1
7553,EA,CN,2
7553,EA,CT,2
7553,EA,R1,2
7553,EA,V3,2
7555,EA,CN,1
7555,EA,CT,1
7555,EA,R1,1
7555,EA,V3,1
7581,EA,CN,2
7581,EA,CT,2
7581,EA,R1,2
7581,EA,V3,2
7599,EA,CN,2
7599,EA,CT,2
7599,EA,R1,2
7599,EA,V3,2
7631,EA,CN,1
7631,EA,CT,1
7631,EA,R1,1
7631,EA,V3,1
7654,EA,CN,1
7654,EA,CT,1
7654,EA,R1,1
7654,EA,V3,1
7687,EA,CN,1
7687,EA,CT,1
7687,EA,R1,1
7687,EA,V3,1
7723,EA,CN,1
7723,EA,CT,1
7723,EA,R1,1
7723,EA,V3,1
7756,EA,CN,2
7756,EA,CT,1
7832,EA,CT,2
7832,EA,R1,2
7832,EA,V3,2
7887,EA,CN,1
7887,EA,CT,1
7887,EA,R1,1
7887,EA,V3,1
7894,EA,CN,1
7894,EA,CT,1
7894,EA,R1,1
7894,EA,V3,1
7915,EA,CT,2
7915,EA,R1,2
7915,EA,V3,2
7949,EA,R1,1
7949,EA,V3,2
7966,EA,CN,1
7966,EA,CT,1
7966,EA,R1,1
7966,EA,V3,1
7972,EA,CN,1
7972,EA,CT,1
7972,EA,R1,1
7972,EA,V3,1
7992,EA,CN,1
7992,EA,CT,1
7992,EA,R1,2
7992,EA,V3,2
8015,EA,CN,2
8015,EA,CT,2
8015,EA,R1,2
8015,EA,V3,2
8033,EA,CT,1
8033,EA,R1,1
8033,EA,V3,1
8139,EA,CN,1
8139,EA,CT,1
8139,EA,R1,1
8139,EA,V3,1
8217,EA,CN,1
8217,EA,CT,1
8217,EA,R1,2
8217,EA,V3,1
8268,EA,CN,1
8268,EA,CT,1
8268,EA,V3,1
8339,EA,CN,1
8339,EA,CT,1
8339,EA,R1,1
8339,EA,V3,1
8366,EA,CN,2
8366,EA,CT,2
8366,EA,R1,2
8366,EA,V3,2
8444,EA,CN,1
8444,EA,CT,1
8444,EA,R1,1
8444,EA,V3,1
8477,EA,CN,1
8477,EA,CT,1
8477,EA,R1,1
8477,EA,V3,1
8580,EA,CN,2
8580,EA,CT,2
8580,EA,R1,2
8580,EA,V3,2
8614,EA,CN,1
8614,EA,CT,1
8614,EA,R1,1
8614,EA,V3,1
8630,EA,CN,2
8630,EA,CT,2
8630,EA,R1,2
8630,EA,V3,2
8637,EA,CN,1
8637,EA,CT,1
8637,EA,R1,1
8637,EA,V3,1
8672,EA,CN,1
8672,EA,CT,1
8672,EA,R1,1
8672,EA,V3,1
8800,EA,CN,1
8800,EA,CT,1
8800,EA,V3,1
8816,EA,CN,2
8816,EA,CT,2
8816,EA,R1,2
8816,EA,V3,2
8902,EA,CN,2
8902,EA,CT,2
8902,EA,R1,2
8902,EA,V3,2
8923,EA,CN,2
8923,EA,CT,2
8923,EA,R1,2
8923,EA,V3,2
8948,EA,CN,1
8948,EA,CT,1
8948,EA,R1,1
8948,EA,V3,1
8993,EA,CN,1
8993,EA,CT,1
8993,EA,R1,1
8993,EA,V3,1
9004,EA,CN,1
9004,EA,CT,1
9004,EA,R1,1
9004,EA,V3,1
9089,EA,CN,2
9089,EA,CT,2
9089,EA,R1,2
9089,EA,V3,2
9102,EA,CT,2
9102,EA,R1,2
9102,EA,V3,2
9120,EA,CN,1
9120,EA,CT,1
9120,EA,R1,1
9120,EA,V3,1
9134,EA,CN,2
9134,EA,CT,2
9134,EA,R1,2
9134,EA,V3,2
9246,EA,CN,2
9246,EA,CT,2
9246,EA,R1,2
9246,EA,V3,2
9268,EA,CN,1
9268,EA,CT,1
9268,EA,R1,1
9268,EA,V3,1
9324,EA,CN,1
9324,EA,CT,2
9325,EA,CN,1
9325,EA,CT,1
9325,EA,R1,1
9325,EA,V3,1
9349,EA,CN,2
9349,EA,CT,2
9349,EA,R1,2
9349,EA,V3,2
9357,EA,CN,2
9357,EA,CT,2
9357,EA,R1,2
9357,EA,V3,2
9417,EA,CN,1
9417,EA,CT,1
9417,EA,R1,1
9417,EA,V3,1
9459,EA,CN,1
9459,EA,CT,1
9459,EA,V3,2
9465,EA,CN,1
9465,EA,CT,1
9465,EA,R1,1
9465,EA,V3,1
9469,EA,CN,2
9469,EA,CT,2
9469,EA,R1,2
9469,EA,V3,2
9473,EA,CN,1
9473,EA,CT,2
9473,EA,R1,1
9473,EA,V3,2
9485,EA,CT,2
9485,EA,R1,1
9485,EA,V3,2
9544,EA,CN,1
9544,EA,V3,1
9595,EA,CN,1
9595,EA,CT,1
9595,EA,R1,2
9595,EA,V3,1
9632,EA,CN,2
9632,EA,CT,2
9632,EA,V3,2
9635,EA,CN,2
9635,EA,CT,2
9635,EA,R1,2
9635,EA,V3,2
9677,EA,CN,2
9677,EA,CT,2
9677,EA,R1,2
9677,EA,V3,2
9715,EA,CN,1
9715,EA,CT,1
9715,EA,R1,1
9715,EA,V3,1
9724,EA,CT,1
9724,EA,R1,2
9724,EA,V3,2
9774,EA,CN,2
9774,EA,CT,2
9774,EA,R1,2
9774,EA,V3,2
9796,EA,CN,1
9796,EA,CT,1
9796,EA,R1,1
9796,EA,V3,1
9892,EA,CN,2
9892,EA,CT,2
9892,EA,R1,2
9892,EA,V3,2
9899,EA,CN,1
9899,EA,CT,1
9899,EA,V3,1
9907,EA,CN,2
9907,EA,R1,2
9907,EA,V3,2
9934,EA,CN,1
9934,EA,CT,1
9934,EA,R1,1
9934,EA,V3,1
9955,EA,CT,1
9955,EA,R1,2
9955,EA,V3,2
9987,EA,CN,1
9987,EA,CT,1
9987,EA,R1,1
9987,EA,V3,1
10022,EA,CN,1
10022,EA,CT,1
10022,EA,R1,1
10022,EA,V3,1
10156,EA,CN,1
10156,EA,CT,1
10156,EA,R1,1
10156,EA,V3,1
10163,EA,CN,1
10163,EA,CT,1
10163,EA,R1,1
10163,EA,V3,1
10174,EA,CN,1
10174,EA,CT,1
10174,EA,R1,1
10187,EA,CN,2
10187,EA,CT,2
10187,EA,R1,2
10187,EA,V3,1
10189,EA,CN,2
10189,EA,R1,2
10210,EA,CN,1
10210,EA,CT,1
10210,EA,R1,1
10210,EA,V3,1
10301,EA,CN,2
10301,EA,CT,1
10301,EA,R1,1
10301,EA,V3,2
10328,EA,CN,1
10328,EA,CT,1
10328,EA,R1,1
10328,EA,V3,1
10330,EA,CN,2
10330,EA,CT,2
10330,EA,R1,2
10330,EA,V3,2
10361,EA,CN,1
10361,EA,CT,1
10361,EA,R1,1
10361,EA,V3,1
10375,EA,CN,1
10375,EA,CT,1
10375,EA,R1,1
10375,EA,V3,1
10400,EA,CN,1
10400,EA,CT,1
10400,EA,R1,1
10400,EA,V3,1
10423,EA,CN,2
10423,EA,CT,2
10423,EA,R1,2
10423,EA,V3,2
10434,EA,CN,1
10434,EA,CT,1
10434,EA,R1,1
10434,EA,V3,1
10450,EA,CN,2
10450,EA,CT,2
10450,EA,R1,2
10450,EA,V3,2
10566,EA,CN,2
10566,EA,CT,2
10566,EA,R1,2
10566,EA,V3,2
10600,EA,CN,1
10600,EA,CT,1
10600,EA,R1,1
10600,EA,V3,1
10610,EA,CN,2
10610,EA,CT,2
10610,EA,R1,2
10610,EA,V3,2
10621,EA,CT,2
10621,EA,R1,2
10626,EA,CN,2
10626,EA,CT,2
10626,EA,R1,1
10626,EA,V3,1
10634,EA,CN,2
10634,EA,CT,2
10634,EA,R1,2
10634,EA,V3,2
10713,EA,CN,2
10713,EA,CT,1
10713,EA,R1,1
10713,EA,V3,2
10771,EA,CN,2
10771,EA,CT,2
10771,EA,R1,2
10771,EA,V3,2
10803,EA,CN,2
10803,EA,CT,2
10803,EA,R1,1
10803,EA,V3,1
10910,EA,CN,2
10910,EA,CT,2
10910,EA,R1,2
10910,EA,V3,2
10954,EA,CN,2
10954,EA,CT,2
10954,EA,R1,2
10954,EA,V3,2
10978,EA,CN,1
10978,EA,CT,1
10978,EA,R1,1
10978,EA,V3,1
11024,EA,CN,2
11024,EA,CT,2
11024,EA,R1,2
11024,EA,V3,2
11101,EA,CN,1
11101,EA,R1,2
11101,EA,V3,1
11102,EA,CN,1
11102,EA,CT,1
11102,EA,R1,1
11102,EA,V3,1
11112,EA,CN,2
11112,EA,CT,2
11112,EA,R1,1
11112,EA,V3,2
11120,EA,CN,2
11120,EA,CT,2
11120,EA,R1,2
11120,EA,V3,2
11132,EA,CN,1
11132,EA,CT,1
11132,EA,R1,1
11132,EA,V3,1
11189,EA,CN,2
11189,EA,CT,2
11189,EA,R1,2
11189,EA,V3,2
11241,EA,CN,1
11241,EA,CT,1
11241,EA,V3,2
11264,EA,CN,2
11264,EA,CT,2
11264,EA,R1,2
11264,EA,V3,2
11283,EA,CN,1
11283,EA,CT,2
11283,EA,R1,2
11283,EA,V3,2
11511,EA,CN,2
11511,EA,CT,2
11511,EA,R1,2
11511,EA,V3,2
11514,EA,CN,1
11514,EA,CT,1
11514,EA,R1,2
11523,EA,CN,2
11523,EA,CT,2
11523,EA,R1,2
11523,EA,V3,2
11525,EA,CN,1
11525,EA,CT,1
11525,EA,R1,1
11525,EA,V3,1
11553,EA,CN,1
11553,EA,CT,1
11596,EA,CN,1
11596,EA,CT,1
11596,EA,R1,1
11596,EA,V3,1
11603,EA,CN,1
11603,EA,CT,1
11603,EA,V3,1
11617,EA,CN,2
11617,EA,CT,2
11617,EA,R1,2
11617,EA,V3,1
11630,EA,CN,1
11630,EA,CT,1
11630,EA,R1,1
11630,EA,V3,1
11647,EA,CN,1
11647,EA,CT,1
11647,EA,R1,1
11742,EA,CN,2
11742,EA,CT,2
11742,EA,R1,2
11742,EA,V3,2
11786,EA,CN,1
11786,EA,CT,1
11786,EA,R1,1
11786,EA,V3,1
11850,EA,CN,2
11850,EA,CT,2
11850,EA,R1,2
11850,EA,V3,2
11870,EA,CN,1
11870,EA,CT,1
11870,EA,R1,1
11870,EA,V3,1
11874,EA,CN,1
11874,EA,CT,1
11874,EA,R1,1
11874,EA,V3,1
11930,EA,CN,1
11930,EA,CT,1
11930,EA,R1,1
11930,EA,V3,1
11935,EA,CN,2
11935,EA,CT,2
11935,EA,R1,2
11935,EA,V3,2
11967,EA,CN,1
11967,EA,CT,1
11967,EA,R1,1
11967,EA,V3,1
12012,EA,CN,2
12012,EA,CT,2
12012,EA,R1,2
12012,EA,V3,2
12074,EA,CN,1
12074,EA,CT,1
12074,EA,R1,1
12074,EA,V3,1
12143,EA,CN,2
12143,EA,CT,2
12143,EA,V3,1
12151,EA,CN,1
12151,EA,CT,1
12151,EA,R1,1
12151,EA,V3,1
12153,EA,CN,1
12153,EA,CT,1
12153,EA,R1,1
12153,EA,V3,1
12219,EA,CN,1
12219,EA,CT,1
12219,EA,R1,1
12219,EA,V3,1
12271,EA,CN,2
12271,EA,CT,2
12271,EA,R1,2
12271,EA,V3,2
12284,EA,CN,2
12284,EA,R1,1
12284,EA,V3,1
12285,EA,CN,1
12285,EA,CT,1
12285,EA,R1,1
12285,EA,V3,1
12301,EA,R1,1
12301,EA,V3,1
12305,EA,CN,1
12305,EA,CT,1
12305,EA,R1,1
12305,EA,V3,1
12323,EA,CN,1
12323,EA,CT,1
12323,EA,R1,2
12323,EA,V3,1
12429,EA,CN,2
12429,EA,CT,2
12429,EA,R1,2
12429,EA,V3,2
12472,EA,CN,2
12472,EA,CT,2
12472,EA,R1,2
12486,EA,CN,2
12486,EA,R1,2
12486,EA,V3,2
12494,EA,CN,1
12494,EA,CT,1
12494,EA,R1,1
12494,EA,V3,1
12627,EA,CN,2
12627,EA,CT,2
12627,EA,R1,2
12645,EA,CN,1
12645,EA,CT,1
12645,EA,R1,1
12645,EA,V3,1
12732,EA,CN,1
12732,EA,CT,1
12732,EA,R1,1
12732,EA,V3,1
12798,EA,CN,2
12798,EA,CT,2
12798,EA,R1,2
12798,EA,V3,2
12830,EA,CN,2
12830,EA,CT,2
12830,EA,R1,2
12830,EA,V3,2
12860,EA,CN,2
12860,EA,CT,2
12860,EA,R1,2
12860,EA,V3,2
12896,EA,CN,1
12896,EA,CT,1
12896,EA,R1,1
12896,EA,V3,1
12903,EA,CN,2
12903,EA,CT,2
12903,EA,R1,2
12903,EA,V3,1
12926,EA,CN,2
12926,EA,CT,2
12926,EA,R1,2
12926,EA,V3,2
12936,EA,CN,2
12936,EA,CT,2
12936,EA,R1,2
12936,EA,V3,2
12948,EA,CN,2
12948,EA,CT,2
12948,EA,R1,2
12948,EA,V3,2
12975,EA,CN,2
12975,EA,CT,2
12975,EA,R1,2
12975,EA,V3,2
12998,EA,CN,1
12998,EA,R1,1
12998,EA,V3,1
13035,EA,CN,1
13035,EA,CT,1
13035,EA,R1,1
13035,EA,V3,1
13050,EA,CN,2
13050,EA,CT,2
13050,EA,R1,2
13050,EA,V3,2
13061,EA,CN,2
13061,EA,CT,2
13061,EA,R1,1
13061,EA,V3,1
13113,EA,CN,2
13113,EA,CT,2
13113,EA,V3,2
13115,EA,CN,1
13115,EA,CT,1
13115,EA,V3,2
13137,EA,CN,2
13137,EA,CT,2
13137,EA,R1,2
13137,EA,V3,2
13141,EA,CN,1
13141,EA,CT,1
13141,EA,R1,1
13141,EA,V3,1
13200,EA,CN,1
13200,EA,CT,1
13200,EA,R1,1
13200,EA,V3,1
13227,EA,CN,2
13227,EA,CT,2
13227,EA,R1,2
13227,EA,V3,2
13300,EA,CN,1
13300,EA,R1,2
13300,EA,V3,2
13319,EA,CN,1
13319,EA,CT,1
13319,EA,R1,1
13319,EA,V3,1
13334,EA,CN,1
13334,EA,CT,1
13334,EA,R1,1
13384,EA,CN,1
13384,EA,CT,1
13384,EA,R1,1
13384,EA,V3,2
13400,EA,CN,1
13400,EA,CT,1
13400,EA,R1,2
13447,EA,CN,2
13447,EA,CT,2
13447,EA,R1,2
13469,EA,CN,2
13469,EA,CT,2
13469,EA,V3,2
13484,EA,CN,2
13484,EA,CT,2
13484,EA,R1,2
13484,EA,V3,2
13518,EA,CN,2
13518,EA,CT,2
13518,EA,R1,2
13518,EA,V3,2
13531,EA,CT,1
13531,EA,R1,1
13531,EA,V3,1
13562,EA,CN,2
13562,EA,CT,2
13562,EA,R1,2
13562,EA,V3,2
13726,EA,CN,2
13726,EA,CT,2
13726,EA,R1,1
13785,EA,CN,1
13785,EA,CT,1
13785,EA,R1,1
13785,EA,V3,1
13843,EA,CN,2
13843,EA,CT,2
13843,EA,R1,2
13843,EA,V3,2
13864,EA,CN,2
13864,EA,CT,2
13864,EA,R1,2
13864,EA,V3,2
13874,EA,CN,1
13874,EA,CT,1
13874,EA,R1,1
13874,EA,V3,1
13920,EA,CN,1
13920,EA,CT,1
13920,EA,R1,2
13923,EA,CT,1
13923,EA,V3,2
13996,EA,CN,1
13996,EA,CT,1
13996,EA,R1,2
13996,EA,V3,2
14011,EA,CN,2
14011,EA,CT,2
14011,EA,R1,2
14011,EA,V3,2
14047,EA,CT,2
14047,EA,R1,2
14047,EA,V3,2
14055,EA,CN,2
14055,EA,CT,2
14055,EA,R1,2
14055,EA,V3,2
14074,EA,CN,2
14074,EA,CT,2
14074,EA,R1,2
14074,EA,V3,2
14137,EA,CN,2
14137,EA,CT,2
14137,EA,R1,2
14137,EA,V3,2
14139,EA,CN,2
14139,EA,CT,2
14139,EA,R1,2
14139,EA,V3,2
14224,EA,R1,2
14224,EA,V3,2
14259,EA,CN,1
14259,EA,CT,1
14259,EA,R1,1
14259,EA,V3,1
14300,EA,CN,1
14300,EA,CT,1
14300,EA,R1,1
14300,EA,V3,1
14325,EA,CN,1
14325,EA,CT,1
14325,EA,R1,1
14325,EA,V3,1
14408,EA,CN,1
14408,EA,CT,1
14408,EA,R1,1
14408,EA,V3,1
14410,EA,CN,1
14410,EA,CT,1
14410,EA,V3,2
14469,EA,CN,1
14469,EA,CT,1
14469,EA,R1,1
14469,EA,V3,1
14488,EA,CN,1
14488,EA,CT,1
14488,EA,R1,1
14488,EA,V3,1
14532,EA,CN,2
14532,EA,CT,2
14532,EA,R1,2
14532,EA,V3,2
14550,EA,CN,2
14550,EA,CT,2
14550,EA,V3,2
14557,EA,CN,1
14557,EA,CT,1
14557,EA,R1,1
14557,EA,V3,1
14581,EA,CN,1
14581,EA,CT,2
14581,EA,R1,2
14581,EA,V3,2
14617,EA,CN,2
14617,EA,CT,2
14617,EA,R1,2
14617,EA,V3,2
14707,EA,CN,1
14707,EA,CT,1
14707,EA,R1,2
14759,EA,CN,2
14759,EA,CT,2
14759,EA,R1,2
14759,EA,V3,2
14793,EA,CN,1
14793,EA,CT,1
14793,EA,R1,1
14793,EA,V3,1
14796,EA,CN,2
14796,EA,CT,2
14796,EA,R1,2
14796,EA,V3,2
14818,EA,CN,1
14818,EA,CT,1
14818,EA,R1,1
14818,EA,V3,1
14845,EA,CN,2
14845,EA,CT,2
14845,EA,R1,2
14845,EA,V3,2
14858,EA,CN,2
14858,EA,CT,2
14858,EA,R1,2
14858,EA,V3,1
14868,EA,CN,1
14868,EA,CT,1
14868,EA,R1,1
14868,EA,V3,1
14900,EA,CN,1
14900,EA,CT,1
14900,EA,R1,1
14900,EA,V3,1
14932,EA,CN,2
14932,EA,CT,2
14932,EA,R1,2
14932,EA,V3,2
14970,EA,CN,2
14970,EA,CT,2
14970,EA,R1,2
14970,EA,V3,2
14988,EA,CN,2
14988,EA,CT,2
14988,EA,R1,2
14988,EA,V3,2
15035,EA,CN,1
15035,EA,CT,1
15035,EA,R1,1
15035,EA,V3,1
15066,EA,CN,2
15066,EA,CT,2
15066,EA,R1,2
15066,EA,V3,2
15131,EA,CN,1
15131,EA,CT,1
15131,EA,R1,2
15131,EA,V3,2
15133,EA,CN,2
15133,EA,CT,2
15133,EA,R1,2
15133,EA,V3,2
15176,EA,CN,2
15176,EA,CT,2
15176,EA,R1,2
15176,EA,V3,2
15189,EA,CN,1
15189,EA,CT,1
15189,EA,R1,1
15189,EA,V3,1
15254,EA,CN,1
15254,EA,CT,1
15254,EA,V3,1
15290,EA,CN,1
15290,EA,CT,1
15290,EA,R1,1
15290,EA,V3,1
15363,EA,CN,2
15363,EA,CT,2
15363,EA,R1,2
15363,EA,V3,2
15452,EA,CN,1
15452,EA,CT,2
15452,EA,R1,2
15473,EA,CN,2
15473,EA,CT,2
15473,EA,R1,2
15473,EA,V3,1
15535,EA,CN,2
15535,EA,CT,2
15535,EA,R1,2
15535,EA,V3,2
15538,EA,CN,1
15538,EA,CT,1
15538,EA,V3,1
15555,EA,CN,2
15555,EA,CT,2
15555,EA,R1,1
15555,EA,V3,1
15585,EA,CN,1
15585,EA,CT,2
15585,EA,R1,1
15585,EA,V3,2
15614,EA,CN,2
15614,EA,CT,2
15614,EA,R1,2
15614,EA,V3,2
15620,EA,CN,2
15620,EA,CT,2
15620,EA,R1,2
15620,EA,V3,2
15693,EA,CN,1
15693,EA,R1,1
15693,EA,V3,1
15721,EA,CT,2
15721,EA,R1,2
15721,EA,V3,2
15735,EA,CN,1
15735,EA,CT,1
15735,EA,R1,1
15735,EA,V3,1
15770,EA,R1,2
15770,EA,V3,1
15799,EA,CN,2
15799,EA,CT,2
15799,EA,R1,2
15799,EA,V3,2
15810,EA,CT,1
15810,EA,R1,2
15810,EA,V3,1
15822,EA,CN,1
15822,EA,CT,1
15822,EA,V3,1
15883,EA,CN,1
15883,EA,CT,1
15883,EA,R1,1
15883,EA,V3,1
15894,EA,CN,1
15894,EA,R1,2
15894,EA,V3,2
15938,EA,CT,1
15938,EA,R1,2
15938,EA,V3,2
15980,EA,CN,2
15980,EA,CT,2
16011,EA,CN,1
16011,EA,CT,1
16011,EA,R1,1
16011,EA,V3,1
16114,EA,CN,1
16114,EA,CT,1
16114,EA,R1,1
16114,EA,V3,1
16120,EA,CN,1
16120,EA,CT,1
16120,EA,R1,1
16120,EA,V3,1
16170,EA,CT,2
16170,EA,R1,1
16170,EA,V3,2
16174,EA,CN,1
16174,EA,CT,1
16174,EA,R1,1
16174,EA,V3,1
16204,EA,CN,1
16204,EA,CT,1
16204,EA,R1,2
16204,EA,V3,2
16212,EA,CT,2
16212,EA,R1,1
16213,EA,CN,1
16213,EA,CT,1
16213,EA,R1,1
16230,EA,CN,1
16230,EA,CT,1
16230,EA,R1,1
16230,EA,V3,1
16264,EA,CN,1
16264,EA,CT,1
16264,EA,R1,1
16264,EA,V3,1
16339,EA,CN,1
16339,EA,CT,1
16339,EA,R1,1
16339,EA,V3,1
16355,EA,CN,2
16355,EA,CT,2
16355,EA,R1,2
16355,EA,V3,2
16386,EA,CN,1
16386,EA,CT,1
16386,EA,R1,1
16386,EA,V3,1
16398,EA,CN,1
16398,EA,CT,1
16398,EA,R1,1
16398,EA,V3,1
16457,EA,CN,1
16457,EA,CT,1
16457,EA,R1,1
16457,EA,V3,1
16521,EA,CN,2
16521,EA,R1,2
16521,EA,V3,2
16572,EA,CN,1
16572,EA,CT,1
16572,EA,R1,1
16572,EA,V3,1
16600,EA,CN,1
16600,EA,CT,1
16600,EA,R1,1
16600,EA,V3,1
16614,EA,CN,1
16614,EA,CT,1
16614,EA,R1,1
16614,EA,V3,1
16642,EA,CN,1
16642,EA,CT,1
16642,EA,R1,1
16642,EA,V3,1
16731,EA,CN,1
16731,EA,CT,1
16731,EA,R1,1
16731,EA,V3,1
16801,EA,CN,2
16801,EA,CT,2
16801,EA,R1,2
16801,EA,V3,2
16845,EA,CN,1
16845,EA,CT,1
16845,EA,R1,1
16845,EA,V3,1
16858,EA,CN,2
16858,EA,CT,2
16858,EA,R1,2
16858,EA,V3,2
16891,EA,CN,1
16891,EA,CT,1
16891,EA,R1,2
16891,EA,V3,1
16903,EA,CN,1
16903,EA,CT,1
16903,EA,V3,1
16977,EA,CN,1
16977,EA,CT,1
16977,EA,R1,1
16977,EA,V3,1
17002,EA,CN,2
17002,EA,CT,2
17002,EA,R1,2
17002,EA,V3,2
17048,EA,CN,1
17048,EA,CT,1
17048,EA,R1,1
17048,EA,V3,1
17079,EA,CN,2
17079,EA,CT,2
17079,EA,V3,2
17082,EA,CN,2
17082,EA,CT,2
17082,EA,V3,1
17121,EA,CN,2
17121,EA,CT,2
17121,EA,R1,2
17121,EA,V3,2
17165,EA,CT,2
17165,EA,R1,2
17165,EA,V3,2
17212,EA,CN,1
17212,EA,CT,1
17212,EA,R1,1
17212,EA,V3,1
17227,EA,R1,2
17241,EA,CN,2
17241,EA,CT,2
17241,EA,V3,2
17280,EA,CT,2
17322,EA,CN,1
17322,EA,CT,1
17322,EA,R1,1
17322,EA,V3,1
17355,EA,CN,2
17355,EA,CT,2
17355,EA,R1,2
17355,EA,V3,2
17361,EA,CN,1
17361,EA,R1,1
17361,EA,V3,1
17364,EA,CN,2
17364,EA,CT,2
17364,EA,R1,2
17364,EA,V3,2
17386,EA,CN,2
17386,EA,CT,2
17386,EA,R1,2
17386,EA,V3,2
17423,EA,CN,2
17423,EA,CT,2
17423,EA,V3,2
17455,EA,CN,1
17455,EA,CT,1
17455,EA,R1,1
17455,EA,V3,1
17468,EA,CN,1
17468,EA,CT,1
17468,EA,R1,1
17468,EA,V3,1
17475,EA,CN,1
17475,EA,CT,1
17475,EA,R1,1
17475,EA,V3,1
17553,EA,CN,1
17553,EA,CT,1
17553,EA,R1,1
17553,EA,V3,1
17585,EA,CN,2
17585,EA,V3,2
17693,EA,CN,1
17693,EA,CT,1
17744,EA,CN,2
17744,EA,CT,2
17744,EA,R1,2
17744,EA,V3,2
17746,EA,CN,2
17746,EA,CT,2
17746,EA,R1,2
17746,EA,V3,2
17792,EA,CN,1
17792,EA,CT,1
17792,EA,R1,1
17792,EA,V3,1
17806,EA,CN,2
17806,EA,CT,2
17806,EA,R1,2
17806,EA,V3,2
17841,EA,CT,2
17841,EA,R1,1
17841,EA,V3,2
17877,EA,CN,1
17877,EA,CT,1
17877,EA,R1,1
17877,EA,V3,1
17885,EA,CN,2
17885,EA,CT,2
17885,EA,R1,2
17885,EA,V3,2
17914,EA,V3,1
17929,EA,CN,1
17929,EA,R1,2
17929,EA,V3,2
17963,EA,CN,2
17963,EA,CT,2
17963,EA,R1,2
17963,EA,V3,2
18223,EA,R1,2
18223,EA,V3,2
18290,EA,CN,1
18290,EA,CT,1
18290,EA,R1,1
18290,EA,V3,1
18337,EA,CN,1
18337,EA,CT,1
18337,EA,V3,1
18550,EA,CN,2
18550,EA,CT,2
18550,EA,R1,2
18550,EA,V3,2
18553,EA,CN,1
18553,EA,CT,1
18553,EA,R1,2
18553,EA,V3,2
18597,EA,CN,1
18597,EA,CT,1
18597,EA,R1,2
18597,EA,V3,1
18613,EA,CN,2
18613,EA,CT,2
18613,EA,R1,2
18613,EA,V3,2
18630,EA,CN,2
18630,EA,CT,2
18630,EA,R1,2
18630,EA,V3,2
18631,EA,CN,1
18631,EA,CT,1
18631,EA,R1,1
18631,EA,V3,1
18643,EA,CN,1
18643,EA,CT,1
18643,EA,R1,1
18643,EA,V3,1
18652,EA,CN,1
18652,EA,CT,1
18652,EA,R1,1
18656,EA,CN,1
18656,EA,CT,2
18656,EA,R1,2
18656,EA,V3,2
18670,EA,CT,1
18670,EA,R1,1
18670,EA,V3,1
18805,EA,CN,1
18805,EA,CT,1
18805,EA,R1,2
18806,EA,CT,1
18806,EA,R1,1
18806,EA,V3,1
18820,EA,CN,1
18820,EA,CT,1
18820,EA,R1,1
18820,EA,V3,1
18839,EA,CN,2
18839,EA,CT,2
18839,EA,R1,2
18839,EA,V3,2
18874,EA,CN,1
18874,EA,CT,1
18874,EA,R1,1
18874,EA,V3,1
18886,EA,CN,1
18886,EA,CT,1
18886,EA,R1,1
18886,EA,V3,1
18935,EA,CN,1
18935,EA,CT,1
18935,EA,R1,1
18935,EA,V3,1
18961,EA,CN,2
18961,EA,R1,2
18961,EA,V3,2
18970,EA,CN,1
18970,EA,CT,1
18970,EA,R1,1
18998,EA,CN,2
18998,EA,CT,2
18998,EA,R1,2
18998,EA,V3,2
19036,EA,CN,2
19036,EA,CT,2
19036,EA,R1,2
19036,EA,V3,2
19045,EA,CN,2
19045,EA,CT,2
19045,EA,R1,2
19045,EA,V3,2
19113,EA,CN,2
19113,EA,R1,1
19113,EA,V3,1
19164,EA,CN,1
19164,EA,CT,2
19164,EA,R1,1
19267,EA,CN,2
19267,EA,CT,2
19267,EA,R1,2
19267,EA,V3,2
19295,EA,CN,1
19295,EA,CT,1
19295,EA,R1,1
19295,EA,V3,1
19331,EA,CN,2
19331,EA,CT,2
19331,EA,R1,2
19331,EA,V3,2
19341,EA,CN,1
19341,EA,CT,1
19341,EA,R1,1
19341,EA,V3,1
19363,EA,CN,1
19363,EA,CT,1
19363,EA,R1,1
19363,EA,V3,1
19383,EA,CN,1
19383,EA,CT,1
19383,EA,R1,1
19383,EA,V3,1
19385,EA,CN,2
19385,EA,CT,2
19385,EA,R1,2
19385,EA,V3,2
19395,EA,CN,2
19395,EA,CT,2
19395,EA,R1,2
19395,EA,V3,2
19486,EA,CN,2
19486,EA,CT,2
19486,EA,R1,2
19486,EA,V3,2
19496,EA,CN,2
19496,EA,CT,2
19496,EA,R1,2
19496,EA,V3,2
19519,EA,CN,2
19519,EA,CT,2
19519,EA,R1,2
19519,EA,V3,1
19532,EA,CN,1
19532,EA,CT,1
19532,EA,R1,1
19532,EA,V3,1
19538,EA,CN,1
19538,EA,CT,1
19538,EA,R1,1
19538,EA,V3,1
19593,EA,CN,1
19593,EA,CT,2
19593,EA,V3,2
19599,EA,CN,1
19599,EA,CT,2
19599,EA,R1,2
19599,EA,V3,2
19643,EA,CN,1
19643,EA,CT,1
19643,EA,R1,1
19643,EA,V3,1
19686,EA,CN,1
19686,EA,CT,1
19686,EA,R1,1
19686,EA,V3,1
19738,EA,CN,1
19738,EA,CT,1
19738,EA,R1,1
19738,EA,V3,1
19794,EA,CN,1
19794,EA,CT,1
19794,EA,R1,1
19794,EA,V3,1
19811,EA,CN,1
19811,EA,CT,1
19811,EA,R1,1
19811,EA,V3,1
19826,EA,CN,2
19826,EA,CT,1
19826,EA,V3,2
19830,EA,CN,2
19830,EA,CT,2
19830,EA,R1,2
19830,EA,V3,2
19839,EA,CN,2
19839,EA,CT,2
19839,EA,R1,2
19839,EA,V3,2
19854,EA,CN,2
19854,EA,CT,2
19854,EA,R1,2
19854,EA,V3,2
19900,EA,CN,1
19900,EA,CT,2
19900,EA,R1,2
19900,EA,V3,1
19915,EA,CN,1
19915,EA,CT,1
19915,EA,R1,1
19915,EA,V3,1
19967,EA,CN,1
19967,EA,CT,1
19967,EA,R1,1
19968,EA,CN,2
19968,EA,CT,2
19968,EA,R1,2
19968,EA,V3,2
20031,EA,CN,1
20031,EA,CT,1
20031,EA,R1,1
20031,EA,V3,1
20132,EA,CT,1
20132,EA,R1,1
20132,EA,V3,1
20184,EA,CN,2
20184,EA,CT,1
20184,EA,R1,2
20184,EA,V3,1
20195,EA,CT,1
20195,EA,V3,1
20270,EA,CN,2
20270,EA,CT,1
20270,EA,V3,1
20283,EA,CN,1
20283,EA,R1,1
20283,EA,V3,1
20299,EA,CN,2
20299,EA,CT,2
20299,EA,R1,2
20299,EA,V3,2
20338,EA,CT,1
20338,EA,R1,1
20338,EA,V3,1
20351,EA,CN,2
20351,EA,CT,1
20351,EA,R1,2
20351,EA,V3,2
20380,EA,CN,2
20380,EA,CT,2
20380,EA,R1,2
20380,EA,V3,2
20407,EA,CN,1
20407,EA,R1,2
20407,EA,V3,2
20420,EA,CN,1
20420,EA,CT,1
20420,EA,R1,1
20420,EA,V3,1
20422,EA,CN,1
20422,EA,CT,1
20422,EA,V3,1
20431,EA,CN,1
20431,EA,CT,1
20431,EA,R1,1
20431,EA,V3,1
20443,EA,CN,1
20443,EA,CT,1
20443,EA,R1,1
20443,EA,V3,1
20446,EA,CN,2
20446,EA,CT,2
20446,EA,R1,2
20446,EA,V3,2
20465,EA,CN,1
20465,EA,CT,1
20465,EA,R1,1
20465,EA,V3,1
20467,EA,CN,1
20467,EA,CT,2
20467,EA,R1,1
20467,EA,V3,1
20504,EA,CN,2
20504,EA,CT,2
20504,EA,R1,2
20504,EA,V3,2
20528,EA,CN,1
20528,EA,CT,1
20528,EA,R1,1
20528,EA,V3,1
20542,EA,CN,1
20542,EA,CT,1
20542,EA,V3,1
20549,EA,CT,1
20549,EA,R1,1
20549,EA,V3,1
20609,EA,CN,1
20609,EA,CT,1
20609,EA,R1,1
20609,EA,V3,1
20666,EA,CN,1
20666,EA,CT,1
20666,EA,R1,1
20666,EA,V3,1
20677,EA,CN,1
20677,EA,CT,1
20677,EA,R1,1
20677,EA,V3,1
20685,EA,CN,2
20685,EA,CT,2
20685,EA,R1,2
20685,EA,V3,2
20716,EA,R1,2
20716,EA,V3,2
20717,EA,CN,2
20717,EA,V3,2
20839,EA,CN,2
20839,EA,CT,2
20839,EA,R1,2
20839,EA,V3,2
20853,EA,CN,1
20853,EA,CT,1
20853,EA,R1,1
20853,EA,V3,1
20869,EA,CN,2
20869,EA,CT,2
20869,EA,R1,2
20869,EA,V3,2
20890,EA,CN,2
20890,EA,CT,2
20890,EA,R1,2
20890,EA,V3,2
20895,EA,CN,2
20895,EA,CT,1
20895,EA,R1,1
20895,EA,V3,1
20964,EA,CN,1
20964,EA,CT,1
20964,EA,R1,1
20964,EA,V3,1
20971,EA,CN,2
20971,EA,CT,2
20971,EA,R1,2
20971,EA,V3,2
21016,EA,CT,1
21016,EA,R1,1
21016,EA,V3,1
21051,EA,CN,2
21051,EA,CT,2
21051,EA,R1,2
21051,EA,V3,2
21067,EA,CN,2
21067,EA,CT,2
21067,EA,R1,2
21067,EA,V3,2
21074,EA,CN,1
21074,EA,CT,1
21074,EA,R1,1
21074,EA,V3,1
21098,EA,CN,2
21098,EA,CT,2
21098,EA,R1,2
21098,EA,V3,2
21130,EA,CN,2
21130,EA,CT,2
21130,EA,R1,2
21130,EA,V3,2
21158,EA,CN,1
21158,EA,CT,1
21158,EA,R1,1
21158,EA,V3,1
21165,EA,CN,1
21165,EA,CT,1
21165,EA,R1,1
21165,EA,V3,1
21167,EA,CN,1
21167,EA,CT,1
21167,EA,R1,1
21167,EA,V3,1
21173,EA,CN,1
21173,EA,CT,1
21173,EA,R1,1
21173,EA,V3,1
21180,EA,CN,2
21180,EA,CT,2
21180,EA,R1,2
21180,EA,V3,2
21203,EA,CN,2
21203,EA,CT,2
21203,EA,R1,2
21203,EA,V3,2
21210,EA,CN,1
21210,EA,CT,1
21210,EA,R1,1
21210,EA,V3,1
21328,EA,CN,1
21328,EA,CT,1
21399,EA,CN,1
21399,EA,CT,1
21399,EA,R1,1
21399,EA,V3,1
21509,EA,CN,2
21509,EA,CT,2
21509,EA,R1,2
21509,EA,V3,2
21544,EA,CN,2
21544,EA,CT,2
21544,EA,R1,2
21544,EA,V3,2
21598,EA,CN,1
21598,EA,R1,2
21598,EA,V3,2
21599,EA,CT,1
21599,EA,R1,2
21599,EA,V3,2
21606,EA,CN,2
21606,EA,CT,2
21606,EA,R1,2
21606,EA,V3,2
21608,EA,CN,1
21608,EA,R1,1
21608,EA,V3,1
21629,EA,CN,1
21629,EA,CT,1
21629,EA,R1,1
21629,EA,V3,1
21630,EA,CN,2
21630,EA,CT,2
21630,EA,V3,1
21666,EA,CN,2
21666,EA,CT,2
21666,EA,R1,1
21666,EA,V3,2
21691,EA,CN,1
21691,EA,CT,1
21691,EA,R1,1
21691,EA,V3,1
21847,EA,CN,2
21847,EA,CT,2
21847,EA,R1,2
21847,EA,V3,2
21910,EA,CN,2
21910,EA,CT,2
21910,EA,R1,1
21910,EA,V3,1
21935,EA,CT,1
21935,EA,R1,2
21935,EA,V3,1
21961,EA,CN,1
21961,EA,R1,1
21961,EA,V3,1
21976,EA,CN,1
21976,EA,CT,1
21976,EA,R1,1
21976,EA,V3,1
21987,EA,CN,2
21987,EA,CT,2
21987,EA,R1,2
21987,EA,V3,2
22043,EA,CN,2
22043,EA,CT,2
22043,EA,R1,2
22043,EA,V3,2
22052,EA,CN,1
22052,EA,CT,1
22052,EA,R1,1
22052,EA,V3,1
22065,EA,CN,1
22065,EA,CT,1
22065,EA,R1,1
22065,EA,V3,1
22066,EA,CN,2
22066,EA,CT,2
22066,EA,R1,2
22066,EA,V3,2
22090,EA,CN,1
22090,EA,CT,1
22090,EA,R1,2
22090,EA,V3,2
22126,EA,CN,2
22126,EA,CT,2
22126,EA,R1,2
22126,EA,V3,2
22166,EA,CN,2
22166,EA,CT,2
22166,EA,R1,2
22166,EA,V3,2
22184,EA,CN,2
22184,EA,CT,2
22184,EA,R1,2
22184,EA,V3,2
22189,EA,CT,2
22189,EA,R1,1
22189,EA,V3,2
22194,EA,CN,2
22194,EA,CT,2
22194,EA,R1,2
22194,EA,V3,2
22266,EA,CT,1
22266,EA,R1,1
22266,EA,V3,1
22314,EA,V3,2
22356,EA,CN,2
22356,EA,CT,2
22356,EA,R1,2
22356,EA,V3,2
22467,EA,CN,2
22467,EA,CT,2
22467,EA,R1,2
22467,EA,V3,2
22679,EA,CN,1
22679,EA,CT,1
22679,EA,V3,1
22707,EA,CN,2
22707,EA,CT,2
22707,EA,R1,2
22707,EA,V3,2
22767,EA,CN,2
22767,EA,CT,2
22767,EA,R1,2
22767,EA,V3,2
22770,EA,CN,1
22770,EA,CT,1
22770,EA,R1,1
22770,EA,V3,1
22814,EA,CT,1
22814,EA,V3,1
22819,EA,CN,2
22819,EA,CT,2
22819,EA,R1,2
22819,EA,V3,2
22833,EA,CN,1
22833,EA,CT,1
22833,EA,R1,1
22833,EA,V3,1
22849,EA,CN,2
22849,EA,CT,2
22849,EA,R1,2
22849,EA,V3,2
22966,EA,CN,2
22966,EA,CT,2
22966,EA,R1,2
22966,EA,V3,2
23023,EA,CN,1
23023,EA,CT,1
23023,EA,R1,1
23023,EA,V3,1
23052,EA,CN,1
23052,EA,CT,1
23052,EA,R1,1
23052,EA,V3,1
23089,EA,CN,1
23089,EA,CT,1
23089,EA,R1,1
23089,EA,V3,1
23103,EA,R1,2
23103,EA,V3,2
23104,EA,CN,2
23104,EA,CT,2
23104,EA,R1,2
23104,EA,V3,2
23128,EA,CN,1
23128,EA,CT,1
23128,EA,R1,1
23128,EA,V3,1
23200,EA,CN,1
23200,EA,CT,1
23200,EA,R1,1
23200,EA,V3,1
23313,EA,CN,2
23313,EA,CT,2
23313,EA,R1,2
23313,EA,V3,2
23322,EA,CN,1
23322,EA,CT,1
23322,EA,R1,1
23322,EA,V3,1
23323,EA,CN,1
23323,EA,V3,1
23404,EA,CN,2
23404,EA,CT,2
23404,EA,R1,2
23415,EA,CN,2
23415,EA,CT,2
23415,EA,R1,1
23415,EA,V3,1
23440,EA,CN,2
23440,EA,CT,2
23440,EA,R1,2
23440,EA,V3,2
23453,EA,CN,2
23453,EA,CT,2
23453,EA,R1,2
23453,EA,V3,2
23505,EA,CN,1
23505,EA,CT,1
23505,EA,R1,1
23505,EA,V3,1
23514,EA,CN,2
23514,EA,CT,2
23514,EA,R1,2
23514,EA,V3,2
23524,EA,CN,1
23524,EA,CT,1
23524,EA,R1,1
23524,EA,V3,1
23530,EA,CN,2
23530,EA,CT,2
23530,EA,R1,2
23530,EA,V3,2
23534,EA,CN,1
23534,EA,CT,1
23534,EA,R1,2
23534,EA,V3,1
23574,EA,CN,1
23574,EA,CT,1
23574,EA,R1,1
23574,EA,V3,1
23584,EA,CN,1
23584,EA,CT,1
23584,EA,R1,1
23584,EA,V3,1
23605,EA,CN,1
23605,EA,CT,1
23605,EA,R1,1
23605,EA,V3,1
23620,EA,CN,2
23620,EA,CT,2
23620,EA,R1,2
23620,EA,V3,2
23648,EA,CN,2
23648,EA,CT,2
23648,EA,R1,2
23648,EA,V3,2
23699,EA,CN,2
23699,EA,CT,2
23699,EA,R1,2
23699,EA,V3,2
23713,EA,CN,2
23713,EA,CT,2
23713,EA,R1,2
23713,EA,V3,2
23779,EA,CN,1
23779,EA,CT,1
23779,EA,R1,1
23779,EA,V3,1
23871,EA,CN,1
23871,EA,CT,1
23871,EA,R1,1
23871,EA,V3,1
23873,EA,CN,1
23873,EA,CT,1
23873,EA,R1,1
23873,EA,V3,1
23901,EA,CN,1
23901,EA,CT,1
23901,EA,R1,1
23901,EA,V3,1
24026,EA,CN,2
24026,EA,CT,2
24026,EA,R1,2
24026,EA,V3,2
24163,EA,CN,1
24163,EA,CT,1
24163,EA,R1,1
24163,EA,V3,1
24174,EA,CN,2
24174,EA,CT,2
24174,EA,R1,2
24174,EA,V3,2
24223,EA,CN,1
24223,EA,CT,1
24223,EA,R1,1
24223,EA,V3,1
24260,EA,CN,2
24260,EA,CT,2
24291,EA,CN,2
24291,EA,CT,2
24291,EA,V3,1
24304,EA,CN,1
24304,EA,CT,1
24304,EA,R1,1
24304,EA,V3,1
24334,EA,CN,2
24334,EA,CT,2
24334,EA,R1,2
24334,EA,V3,2
24405,EA,CN,2
24405,EA,CT,2
24405,EA,R1,2
24405,EA,V3,2
24408,EA,CN,1
24408,EA,CT,1
24408,EA,R1,1
24408,EA,V3,1
24500,EA,CN,2
24500,EA,R1,2
24500,EA,V3,2
24502,EA,CT,2
24502,EA,V3,1
24541,EA,CN,2
24541,EA,CT,2
24541,EA,R1,2
24541,EA,V3,2
24573,EA,CN,1
24573,EA,CT,1
24573,EA,R1,1
24573,EA,V3,1
24577,EA,CT,1
24577,EA,R1,2
24577,EA,V3,1
24637,EA,CN,2
24637,EA,CT,2
24637,EA,R1,2
24637,EA,V3,2
24673,EA,CN,2
24673,EA,CT,2
24673,EA,R1,1
24706,EA,CN,1
24706,EA,CT,1
24706,EA,R1,1
24706,EA,V3,1
24740,EA,CN,2
24740,EA,CT,2
24740,EA,R1,2
24740,EA,V3,2
24774,EA,CN,2
24774,EA,CT,2
24774,EA,R1,2
24774,EA,V3,2
24836,EA,CN,1
24836,EA,CT,1
24836,EA,R1,1
24836,EA,V3,1
24871,EA,CN,1
24871,EA,CT,1
24871,EA,V3,1
24902,EA,CN,2
24902,EA,CT,2
24902,EA,R1,2
24959,EA,CN,1
24959,EA,CT,1
24959,EA,R1,2
24975,EA,CN,1
24975,EA,CT,1
24975,EA,R1,1
24975,EA,V3,1
24995,EA,CN,1
24995,EA,CT,1
24995,EA,R1,1
24995,EA,V3,1
25015,EA,R1,1
25015,EA,V3,1
25038,EA,CN,1
25038,EA,CT,1
25038,EA,R1,1
25038,EA,V3,1
25109,EA,CN,2
25109,EA,CT,2
25109,EA,R1,2
25109,EA,V3,2
25137,EA,CN,1
25137,EA,CT,1
25137,EA,R1,1
25137,EA,V3,1
25155,EA,CN,1
25155,EA,CT,1
25155,EA,R1,1
25155,EA,V3,1
25239,EA,CN,2
25239,EA,CT,2
25239,EA,R1,2
25239,EA,V3,1
25270,EA,CN,1
25270,EA,CT,1
25270,EA,R1,1
25270,EA,V3,1
25302,EA,CN,2
25302,EA,CT,2
25302,EA,R1,2
25302,EA,V3,2
25337,EA,CN,1
25337,EA,CT,1
25337,EA,R1,1
25337,EA,V3,1
25348,EA,CT,1
25348,EA,R1,1
25348,EA,V3,1
25369,EA,CN,2
25369,EA,CT,2
25369,EA,R1,2
25369,EA,V3,2
25380,EA,CN,1
25380,EA,CT,1
25416,EA,CN,1
25416,EA,CT,1
25416,EA,R1,1
25416,EA,V3,1
25435,EA,CN,1
25435,EA,CT,1
25435,EA,R1,1
25447,EA,CN,1
25447,EA,CT,1
25447,EA,R1,1
25447,EA,V3,1
25448,EA,CN,2
25448,EA,CT,2
25448,EA,R1,2
25448,EA,V3,2
25471,EA,CN,2
25471,EA,CT,2
25471,EA,R1,2
25471,EA,V3,2
25523,EA,CN,2
25523,EA,CT,2
25523,EA,R1,2
25523,EA,V3,2
25591,EA,CN,2
25591,EA,R1,1
25591,EA,V3,2
25650,EA,CN,1
25650,EA,CT,1
25650,EA,R1,1
25650,EA,V3,1
25690,EA,CN,1
25690,EA,CT,1
25690,EA,R1,1
25690,EA,V3,1
25698,EA,CN,2
25698,EA,CT,2
25698,EA,R1,2
25856,EA,CN,1
25856,EA,CT,1
25856,EA,V3,1
25868,EA,CN,1
25868,EA,CT,1
25868,EA,R1,1
25868,EA,V3,1
25990,EA,CN,2
25990,EA,CT,2
25990,EA,R1,2
25990,EA,V3,2
26032,EA,CN,1
26032,EA,CT,1
26032,EA,R1,1
26032,EA,V3,1
26129,EA,CN,2
26129,EA,CT,2
26129,EA,R1,2
26129,EA,V3,2
26161,EA,CN,1
26161,EA,CT,1
26161,EA,R1,1
26161,EA,V3,2
26178,EA,CN,1
26178,EA,R1,2
26178,EA,V3,1
26211,EA,CN,2
26211,EA,CT,2
26211,EA,R1,2
26211,EA,V3,2
26281,EA,CN,2
26281,EA,CT,2
26281,EA,R1,1
26287,EA,CN,2
26287,EA,CT,2
26287,EA,R1,2
26287,EA,V3,2
26292,EA,CN,1
26292,EA,CT,1
26292,EA,R1,1
26292,EA,V3,1
26302,EA,CN,1
26302,EA,CT,1
26302,EA,R1,1
26302,EA,V3,1
26321,EA,CN,2
26321,EA,CT,2
26321,EA,R1,2
26321,EA,V3,2
26337,EA,CN,1
26337,EA,CT,1
26337,EA,R1,1
26337,EA,V3,1
26345,EA,CN,1
26345,EA,CT,1
26345,EA,V3,2
26480,EA,CN,2
26480,EA,CT,2
26480,EA,R1,2
26480,EA,V3,2
26492,EA,CN,2
26492,EA,R1,2
26492,EA,V3,2
26528,EA,CN,1
26528,EA,CT,1
26528,EA,R1,1
26528,EA,V3,1
26546,EA,CT,1
26546,EA,R1,1
26546,EA,V3,1
26556,EA,CT,1
26556,EA,R1,1
26556,EA,V3,1
26575,EA,CN,1
26575,EA,R1,2
26575,EA,V3,2
26678,EA,CN,2
26678,EA,CT,2
26678,EA,R1,2
26678,EA,V3,2
26714,EA,CN,2
26714,EA,CT,2
26714,EA,R1,2
26714,EA,V3,2
26831,EA,CN,1
26831,EA,CT,1
26831,EA,R1,1
26831,EA,V3,1
26865,EA,CN,2
26865,EA,CT,2
26865,EA,R1,2
26865,EA,V3,2
26878,EA,CN,2
26878,EA,CT,2
26878,EA,R1,2
26878,EA,V3,2
26995,EA,CN,1
26995,EA,CT,1
27029,EA,CT,2
27029,EA,R1,1
27029,EA,V3,1
27088,EA,CN,1
27088,EA,CT,1
27088,EA,R1,1
27088,EA,V3,1
27101,EA,CN,1
27101,EA,CT,1
27101,EA,R1,1
27101,EA,V3,1
27117,EA,CN,1
27117,EA,CT,1
27117,EA,R1,1
27117,EA,V3,2
27271,EA,CN,1
27271,EA,CT,1
27271,EA,R1,1
27271,EA,V3,1
27395,EA,CT,2
27395,EA,R1,2
27395,EA,V3,1
27431,EA,CN,2
27431,EA,CT,2
27431,EA,R1,2
27431,EA,V3,2
27497,EA,CN,1
27497,EA,CT,1
27497,EA,R1,1
27497,EA,V3,1
27524,EA,CN,2
27524,EA,CT,2
27524,EA,R1,2
27524,EA,V3,2
27558,EA,CN,2
27558,EA,CT,2
27558,EA,R1,2
27558,EA,V3,2
27610,EA,CN,2
27610,EA,CT,2
27610,EA,R1,2
27610,EA,V3,1
27668,EA,CN,2
27668,EA,CT,2
27668,EA,R1,2
27668,EA,V3,2
27688,EA,CN,2
27688,EA,CT,2
27688,EA,V3,1
27740,EA,CN,2
27740,EA,CT,2
27740,EA,R1,2
27740,EA,V3,2
27786,EA,CT,2
27786,EA,R1,2
27786,EA,V3,2
27828,EA,CN,2
27828,EA,CT,2
27828,EA,R1,2
27828,EA,V3,2
27904,EA,CN,2
27904,EA,CT,2
27904,EA,R1,2
27904,EA,V3,2
27910,EA,CN,2
27910,EA,CT,2
27910,EA,R1,2
27910,EA,V3,2
27911,EA,CN,2
27911,EA,CT,2
27911,EA,R1,2
27911,EA,V3,2
28011,EA,CN,2
28011,EA,CT,2
28011,EA,R1,2
28011,EA,V3,2
28019,EA,CT,1
28019,EA,R1,1
28051,EA,CN,2
28051,EA,CT,2
28051,EA,R1,2
28051,EA,V3,2
28057,EA,CN,1
28057,EA,CT,1
28057,EA,V3,1
28067,EA,CN,1
28067,EA,CT,1
28067,EA,R1,1
28067,EA,V3,1
28114,EA,CN,2
28114,EA,CT,2
28114,EA,R1,2
28114,EA,V3,2
28222,EA,CN,2
28222,EA,CT,2
28222,EA,R1,2
28222,EA,V3,2
28262,EA,CN,2
28262,EA,CT,2
28262,EA,R1,2
28262,EA,V3,2
28271,EA,CN,1
28271,EA,CT,1
28271,EA,R1,1
28271,EA,V3,1
28339,EA,CT,1
28339,EA,R1,2
28339,EA,V3,2
28341,EA,CN,1
28341,EA,CT,1
28341,EA,R1,1
28341,EA,V3,1
28365,EA,CN,2
28365,EA,CT,2
28365,EA,R1,2
28365,EA,V3,2
28463,EA,CN,2
28463,EA,CT,2
28463,EA,R1,2
28463,EA,V3,2
28490,EA,CT,1
28490,EA,R1,1
28490,EA,V3,1
28550,EA,CN,1
28550,EA,CT,1
28550,EA,R1,2
28550,EA,V3,2
28574,EA,CN,2
28574,EA,CT,2
28574,EA,R1,2
28574,EA,V3,2
28656,EA,CN,2
28656,EA,CT,2
28656,EA,R1,2
28656,EA,V3,2
28674,EA,CN,2
28674,EA,CT,2
28674,EA,R1,2
28674,EA,V3,2
28728,EA,CN,1
28728,EA,CT,1
28728,EA,R1,1
28728,EA,V3,1
28789,EA,CN,2
28789,EA,CT,2
28789,EA,R1,2
28789,EA,V3,2
28790,EA,CN,1
28790,EA,V3,1
28814,EA,CN,2
28814,EA,CT,2
28814,EA,R1,1
28814,EA,V3,1
28822,EA,CN,2
28822,EA,CT,2
28822,EA,R1,2
28822,EA,V3,2
28963,EA,CN,1
28963,EA,CT,1
28963,EA,R1,1
28963,EA,V3,1
29070,EA,CN,2
29070,EA,CT,2
29070,EA,R1,2
29070,EA,V3,2
29105,EA,CN,1
29105,EA,CT,2
29105,EA,R1,2
29105,EA,V3,2
29132,EA,CN,1
29132,EA,CT,1
29132,EA,V3,1
29144,EA,CN,1
29144,EA,CT,1
29144,EA,R1,1
29144,EA,V3,1
29184,EA,CT,1
29184,EA,R1,1
29184,EA,V3,1
29243,EA,CN,2
29243,EA,CT,2
29243,EA,R1,2
29243,EA,V3,2
29385,EA,CN,1
29385,EA,CT,1
29385,EA,R1,1
29385,EA,V3,1
29411,EA,CN,1
29411,EA,CT,1
29411,EA,R1,1
29411,EA,V3,1
29417,EA,CN,2
29417,EA,CT,2
29417,EA,R1,2
29417,EA,V3,2
29454,EA,CN,2
29454,EA,CT,2
29454,EA,R1,2
29454,EA,V3,2
29465,EA,CN,1
29465,EA,CT,1
29465,EA,V3,2
29484,EA,CN,2
29484,EA,CT,2
29484,EA,R1,2
29484,EA,V3,2
29582,EA,CN,1
29582,EA,CT,1
29582,EA,R1,1
29582,EA,V3,2
29629,EA,CN,1
29629,EA,CT,1
29629,EA,R1,1
29629,EA,V3,1
29644,EA,CN,1
29644,EA,CT,1
29644,EA,R1,1
29644,EA,V3,1
29679,EA,CN,1
29679,EA,CT,1
29679,EA,R1,1
29679,EA,V3,1
29768,EA,CN,1
29768,EA,CT,1
29768,EA,R1,1
29768,EA,V3,1
29880,EA,CT,1
29880,EA,R1,2
29880,EA,V3,1
29903,EA,CN,1
29903,EA,CT,1
29903,EA,R1,1
29903,EA,V3,1
29912,EA,CN,1
29912,EA,CT,1
29912,EA,R1,1
29912,EA,V3,1
29978,EA,CN,2
29978,EA,CT,2
29978,EA,R1,1
29978,EA,V3,1
30052,EA,CN,1
30052,EA,CT,1
30052,EA,R1,1
30052,EA,V3,1
30118,EA,CN,1
30118,EA,CT,1
30118,EA,R1,1
30118,EA,V3,1
30131,EA,CN,1
30131,EA,CT,1
30131,EA,V3,2
30137,EA,CN,2
30137,EA,CT,2
30137,EA,R1,2
30137,EA,V3,2
30143,EA,CN,1
30143,EA,CT,1
30143,EA,R1,1
30143,EA,V3,1
30180,EA,CN,1
30180,EA,CT,1
30180,EA,R1,1
30180,EA,V3,1
30259,EA,CN,1
30259,EA,CT,1
30259,EA,R1,1
30259,EA,V3,1
30273,EA,CN,1
30273,EA,CT,1
30273,EA,R1,1
30285,EA,CN,2
30285,EA,CT,1
30285,EA,R1,2
30285,EA,V3,2
30328,EA,CN,1
30328,EA,CT,1
30328,EA,R1,1
30328,EA,V3,1
30329,EA,CN,1
30329,EA,CT,1
30329,EA,R1,1
30329,EA,V3,1
30336,EA,CN,2
30336,EA,CT,2
30336,EA,R1,2
30336,EA,V3,2
30340,EA,CN,1
30340,EA,CT,1
30340,EA,R1,1
30340,EA,V3,1
30352,EA,CN,2
30352,EA,CT,2
30352,EA,R1,2
30352,EA,V3,1
30367,EA,CN,2
30367,EA,CT,2
30367,EA,R1,2
30367,EA,V3,2
30457,EA,CN,2
30457,EA,R1,2
30457,EA,V3,1
30498,EA,CN,1
30498,EA,CT,2
30498,EA,R1,2
30498,EA,V3,1
30514,EA,CN,1
30514,EA,CT,1
30514,EA,R1,1
30514,EA,V3,1
30544,EA,CN,1
30544,EA,CT,1
30544,EA,R1,1
30637,EA,CN,1
30637,EA,CT,1
30637,EA,R1,1
30637,EA,V3,1
30694,EA,CN,2
30694,EA,CT,2
30694,EA,R1,2
30694,EA,V3,2
30701,EA,CN,2
30701,EA,CT,2
30701,EA,R1,2
30701,EA,V3,2
30710,EA,CN,2
30710,EA,CT,2
30710,EA,R1,2
30710,EA,V3,2
30794,EA,CT,1
30794,EA,R1,1
30794,EA,V3,1
30807,EA,CN,2
30807,EA,CT,2
30807,EA,R1,1
30825,EA,CN,1
30825,EA,CT,1
30825,EA,R1,1
30825,EA,V3,1
30846,EA,CN,1
30846,EA,CT,1
30846,EA,R1,1
30846,EA,V3,1
30856,EA,CN,2
30856,EA,CT,2
30856,EA,R1,2
30856,EA,V3,2
30872,EA,CN,2
30872,EA,CT,2
30872,EA,R1,2
30872,EA,V3,2
30880,EA,CN,1
30880,EA,CT,1
30880,EA,R1,1
30880,EA,V3,1
30899,EA,CN,1
30899,EA,CT,1
30899,EA,R1,1
30899,EA,V3,1
30922,EA,CN,2
30922,EA,CT,2
30922,EA,R1,1
30922,EA,V3,2
30936,EA,CN,2
30936,EA,CT,2
30936,EA,R1,2
30936,EA,V3,2
31029,EA,CN,1
31029,EA,CT,1
31029,EA,R1,1
31029,EA,V3,1
31060,EA,CN,1
31060,EA,CT,1
31060,EA,R1,1
31060,EA,V3,1
31081,EA,CT,2
31081,EA,R1,2
31081,EA,V3,2
31089,EA,CN,1
31089,EA,CT,1
31089,EA,R1,1
31089,EA,V3,1
31128,EA,CN,1
31128,EA,CT,1
31128,EA,R1,1
31128,EA,V3,2
31129,EA,CN,2
31129,EA,CT,2
31129,EA,R1,2
31129,EA,V3,2
31138,EA,CN,1
31138,EA,CT,1
31138,EA,R1,1
31138,EA,V3,1
31148,EA,CN,1
31148,EA,CT,1
31148,EA,R1,1
31148,EA,V3,1
31247,EA,CN,1
31247,EA,CT,1
31247,EA,R1,1
31247,EA,V3,1
31266,EA,CT,2
31266,EA,R1,2
31266,EA,V3,1
31350,EA,CN,2
31350,EA,CT,2
31350,EA,R1,2
31350,EA,V3,2
31386,EA,CN,2
31386,EA,CT,2
31386,EA,R1,2
31386,EA,V3,2
31470,EA,CT,2
31470,EA,R1,1
31470,EA,V3,1
31483,EA,CN,2
31483,EA,CT,2
31483,EA,R1,2
31483,EA,V3,2
31568,EA,CN,1
31568,EA,R1,1
31568,EA,V3,1
31597,EA,CN,1
31597,EA,CT,1
31597,EA,R1,1
31597,EA,V3,1
31622,EA,CN,1
31622,EA,CT,1
31622,EA,R1,1
31622,EA,V3,1
31628,EA,CN,1
31628,EA,CT,1
31628,EA,R1,1
31628,EA,V3,1
31634,EA,CT,1
31634,EA,R1,1
31634,EA,V3,1
31665,EA,CN,1
31665,EA,CT,1
31665,EA,R1,1
31665,EA,V3,1
31720,EA,CN,1
31720,EA,CT,1
31720,EA,R1,1
31720,EA,V3,1
31728,EA,CN,1
31728,EA,CT,1
31728,EA,R1,1
31728,EA,V3,1
31754,EA,CN,2
31754,EA,CT,2
31754,EA,V3,2
31808,EA,CN,1
31808,EA,R1,2
31808,EA,V3,2
31883,EA,CN,2
31883,EA,CT,2
31883,EA,R1,2
31883,EA,V3,1
31907,EA,CN,2
31907,EA,CT,2
31907,EA,R1,2
31907,EA,V3,2
32003,EA,CN,2
32003,EA,CT,2
32003,EA,R1,2
32003,EA,V3,2
32090,EA,CN,1
32090,EA,CT,1
32090,EA,R1,1
32090,EA,V3,1
32112,EA,CN,2
32112,EA,CT,2
32112,EA,R1,2
32112,EA,V3,2
32116,EA,CN,2
32116,EA,CT,2
32116,EA,R1,2
32116,EA,V3,2
32131,EA,CN,2
32131,EA,CT,2
32131,EA,R1,2
32131,EA,V3,2
32167,EA,CN,1
32167,EA,CT,2
32167,EA,R1,1
32167,EA,V3,1
32177,EA,CN,1
32177,EA,CT,1
32177,EA,R1,1
32177,EA,V3,2
32263,EA,CN,2
32263,EA,CT,2
32263,EA,R1,2
32263,EA,V3,2
32265,EA,CN,1
32265,EA,CT,1
32265,EA,R1,1
32265,EA,V3,1
32323,EA,CN,2
32323,EA,CT,2
32323,EA,R1,2
32323,EA,V3,2
32372,EA,CN,1
32372,EA,CT,1
32372,EA,R1,1
32372,EA,V3,1
32463,EA,CN,2
32463,EA,CT,2
32463,EA,R1,2
32463,EA,V3,2
32489,EA,CN,2
32489,EA,CT,1
32489,EA,R1,2
32489,EA,V3,1
32518,EA,CN,1
32518,EA,CT,1
32518,EA,R1,1
32518,EA,V3,1
32558,EA,CN,1
32558,EA,R1,2
32558,EA,V3,1
32572,EA,CN,2
32572,EA,CT,2
32572,EA,R1,2
32572,EA,V3,2
32638,EA,CN,1
32638,EA,R1,1
32638,EA,V3,2
32679,EA,CN,1
32679,EA,CT,1
32679,EA,R1,1
32679,EA,V3,1
32722,EA,CN,2
32722,EA,CT,2
32722,EA,R1,2
32722,EA,V3,2
32747,EA,CN,1
32747,EA,CT,1
32747,EA,R1,1
32747,EA,V3,1
32753,EA,CN,2
32753,EA,CT,2
32753,EA,R1,2
32753,EA,V3,2
32785,EA,CN,1
32785,EA,CT,1
32785,EA,R1,1
32785,EA,V3,1
32872,EA,CN,2
32872,EA,CT,2
32872,EA,R1,2
32872,EA,V3,2
32894,EA,CN,2
32894,EA,CT,2
32894,EA,R1,1
32894,EA,V3,1
32913,EA,CN,1
32913,EA,CT,1
32913,EA,R1,1
32913,EA,V3,1
32917,EA,CN,2
32917,EA,CT,2
32917,EA,V3,2
32963,EA,CN,1
32963,EA,R1,1
32963,EA,V3,1
32972,EA,CN,2
32972,EA,CT,2
32972,EA,R1,2
32972,EA,V3,2
33026,EA,CN,1
33026,EA,CT,1
33026,EA,R1,2
33026,EA,V3,2
33067,EA,CN,2
33067,EA,CT,2
33067,EA,R1,2
33067,EA,V3,2
33126,EA,CN,2
33126,EA,CT,2
33126,EA,R1,2
33126,EA,V3,2
33141,EA,CN,2
33141,EA,CT,2
33141,EA,R1,2
33141,EA,V3,2
33154,EA,CN,1
33154,EA,CT,1
33154,EA,R1,1
33154,EA,V3,1
33212,EA,CN,1
33212,EA,R1,2
33262,EA,CN,2
33262,EA,CT,2
33262,EA,R1,2
33262,EA,V3,2
33291,EA,CN,1
33291,EA,CT,1
33291,EA,R1,1
33291,EA,V3,1
33322,EA,CN,2
33322,EA,R1,1
33345,EA,CN,1
33345,EA,CT,1
33345,EA,R1,1
33345,EA,V3,1
33390,EA,CN,2
33390,EA,R1,1
33390,EA,V3,1
33409,EA,R1,2
33409,EA,V3,1
33433,EA,CN,1
33433,EA,CT,1
33433,EA,V3,1
33470,EA,CN,1
33470,EA,CT,1
33470,EA,R1,1
33470,EA,V3,1
33504,EA,CT,1
33504,EA,R1,1
33504,EA,V3,1
33509,EA,CN,1
33509,EA,CT,1
33509,EA,R1,1
33509,EA,V3,1
33532,EA,CN,2
33532,EA,CT,2
33532,EA,R1,2
33532,EA,V3,2
33618,EA,CN,2
33618,EA,CT,2
33618,EA,V3,1
33649,EA,CN,1
33649,EA,CT,1
33649,EA,R1,1
33649,EA,V3,1
33741,EA,CN,1
33741,EA,CT,1
33741,EA,R1,1
33741,EA,V3,1
33743,EA,CN,2
33743,EA,CT,2
33743,EA,R1,2
33743,EA,V3,2
33765,EA,CN,2
33765,EA,CT,2
33765,EA,R1,2
33765,EA,V3,2
33780,EA,V3,1
33806,EA,R1,1
33806,EA,V3,1
33808,EA,CN,2
33808,EA,CT,2
33808,EA,R1,2
33808,EA,V3,2
33856,EA,CN,1
33856,EA,CT,1
33856,EA,R1,1
33856,EA,V3,1
33859,EA,CN,2
33859,EA,CT,2
33859,EA,R1,2
33859,EA,V3,2
33890,EA,CN,2
33890,EA,CT,2
33890,EA,R1,2
33890,EA,V3,2
33936,EA,CN,1
33936,EA,CT,1
33936,EA,R1,2
33936,EA,V3,1
33940,EA,CN,1
33940,EA,CT,1
33940,EA,R1,2
33940,EA,V3,2
33961,EA,CN,1
33961,EA,CT,1
33961,EA,R1,1
33961,EA,V3,1
33962,EA,CN,2
33962,EA,CT,2
33962,EA,R1,2
33962,EA,V3,2
33986,EA,CN,1
33986,EA,CT,1
33986,EA,R1,1
33986,EA,V3,1
34029,EA,CN,2
34029,EA,CT,2
34029,EA,R1,2
34029,EA,V3,2
34084,EA,CT,1
34084,EA,R1,1
34084,EA,V3,2
34125,EA,CN,2
34125,EA,CT,2
34125,EA,R1,2
34125,EA,V3,2
34143,EA,CN,2
34143,EA,CT,2
34143,EA,R1,2
34143,EA,V3,2
34148,EA,CN,1
34148,EA,CT,1
34148,EA,R1,1
34148,EA,V3,1
34171,EA,CN,2
34171,EA,CT,1
34171,EA,R1,1
34171,EA,V3,1
34215,EA,CN,2
34215,EA,CT,2
34215,EA,R1,2
34215,EA,V3,2
34276,EA,CN,1
34276,EA,CT,1
34276,EA,R1,1
34276,EA,V3,1
34332,EA,CN,2
34332,EA,CT,2
34332,EA,V3,2
34354,EA,CN,1
34354,EA,CT,1
34354,EA,R1,1
34354,EA,V3,1
34404,EA,CN,2
34404,EA,CT,2
34404,EA,R1,2
34404,EA,V3,2
34414,EA,CT,2
34414,EA,R1,2
34414,EA,V3,2
34456,EA,CN,2
34456,EA,V3,1
34460,EA,CN,2
34460,EA,CT,2
34460,EA,R1,2
34460,EA,V3,2
34500,EA,CN,1
34500,EA,CT,1
34500,EA,R1,1
34500,EA,V3,1
34573,EA,CN,1
34573,EA,CT,1
34573,EA,R1,1
34573,EA,V3,1
34667,EA,CT,2
34667,EA,R1,2
34667,EA,V3,2
34714,EA,CN,2
34714,EA,CT,2
34714,EA,R1,2
34714,EA,V3,2
34754,EA,CN,2
34754,EA,R1,2
34754,EA,V3,1
34812,EA,CN,2
34812,EA,R1,2
34812,EA,V3,1
34915,EA,CN,1
34915,EA,R1,2
34915,EA,V3,2
34918,EA,CT,2
34918,EA,R1,2
34918,EA,V3,2
34930,EA,CN,1
34930,EA,CT,1
34930,EA,V3,1
34944,EA,CN,2
34944,EA,CT,2
34944,EA,R1,2
34983,EA,CN,2
34983,EA,CT,2
34983,EA,R1,2
34983,EA,V3,2
35058,EA,CN,2
35058,EA,CT,2
35058,EA,R1,2
35064,EA,CN,1
35064,EA,CT,1
35064,EA,R1,2
35064,EA,V3,1
35127,EA,CN,2
35127,EA,CT,2
35127,EA,R1,2
35127,EA,V3,2
35156,EA,CN,2
35156,EA,CT,2
35156,EA,R1,2
35156,EA,V3,2
35174,EA,CN,1
35174,EA,CT,1
35174,EA,R1,1
35174,EA,V3,1
35191,EA,CN,2
35191,EA,CT,2
35191,EA,R1,2
35191,EA,V3,2
35201,EA,CN,2
35201,EA,CT,2
35201,EA,R1,2
35201,EA,V3,2
35204,EA,CN,2
35204,EA,CT,2
35204,EA,R1,2
35204,EA,V3,2
35282,EA,CN,2
35282,EA,CT,2
35282,EA,R1,2
35282,EA,V3,2
35287,EA,CN,1
35287,EA,CT,1
35287,EA,R1,1
35287,EA,V3,1
35397,EA,CN,2
35397,EA,CT,2
35397,EA,R1,2
35397,EA,V3,2
35429,EA,CN,2
35429,EA,CT,2
35429,EA,R1,2
35429,EA,V3,2
35467,EA,CN,1
35467,EA,CT,2
35467,EA,R1,2
35467,EA,V3,2
35542,EA,CN,2
35542,EA,CT,2
35542,EA,R1,2
35542,EA,V3,2
35564,EA,CN,2
35564,EA,CT,2
35564,EA,R1,2
35564,EA,V3,2
35592,EA,CN,1
35592,EA,CT,1
35592,EA,R1,1
35592,EA,V3,1
35643,EA,CN,2
35643,EA,CT,2
35643,EA,R1,2
35643,EA,V3,2
35653,EA,CN,1
35653,EA,CT,1
35653,EA,R1,2
35715,EA,CN,2
35715,EA,R1,2
35715,EA,V3,2
35732,EA,CN,2
35732,EA,CT,2
35732,EA,R1,2
35732,EA,V3,2
35738,EA,CN,2
35738,EA,CT,2
35738,EA,R1,2
35738,EA,V3,2
35743,EA,CT,2
35743,EA,R1,1
35743,EA,V3,2
35871,EA,CN,1
35871,EA,CT,2
35871,EA,R1,2
35871,EA,V3,2
35880,EA,CN,2
35880,EA,CT,2
35880,EA,R1,2
35880,EA,V3,2
35907,EA,CN,2
35907,EA,CT,2
35912,EA,CN,1
35912,EA,CT,1
35912,EA,R1,2
35912,EA,V3,1
35918,EA,CN,2
35918,EA,CT,2
35918,EA,V3,1
35939,EA,CN,2
35939,EA,CT,2
35939,EA,R1,2
35939,EA,V3,2
35991,EA,CN,2
35991,EA,CT,2
35991,EA,R1,2
35991,EA,V3,2
36100,EA,CN,2
36100,EA,CT,2
36100,EA,R1,2
36117,EA,CN,1
36117,EA,CT,1
36117,EA,R1,1
36117,EA,V3,1
36126,EA,CN,2
36126,EA,CT,2
36126,EA,R1,2
36186,EA,CN,2
36186,EA,CT,2
36186,EA,R1,2
36186,EA,V3,2
36190,EA,CN,1
36190,EA,CT,1
36190,EA,R1,1
36190,EA,V3,1
36199,EA,CN,2
36199,EA,CT,2
36199,EA,R1,2
36199,EA,V3,2
36209,EA,CN,1
36209,EA,CT,1
36209,EA,R1,1
36209,EA,V3,1
36223,EA,CN,2
36223,EA,CT,1
36223,EA,V3,2
36247,EA,CN,1
36247,EA,CT,1
36247,EA,R1,1
36247,EA,V3,1
36341,EA,CN,2
36341,EA,V3,2
36403,EA,CN,1
36403,EA,R1,2
36403,EA,V3,1
36419,EA,CN,2
36419,EA,CT,2
36419,EA,R1,2
36419,EA,V3,2
36434,EA,CN,2
36434,EA,CT,2
36434,EA,R1,2
36434,EA,V3,2
36449,EA,CN,1
36449,EA,CT,1
36449,EA,R1,1
36449,EA,V3,1
36482,EA,CN,2
36482,EA,CT,2
36482,EA,R1,2
36482,EA,V3,2
36557,EA,CN,2
36557,EA,CT,2
36557,EA,R1,2
36557,EA,V3,2
36686,EA,CN,2
36686,EA,CT,2
36686,EA,R1,2
36686,EA,V3,1
36689,EA,CN,2
36689,EA,CT,2
36689,EA,R1,1
36689,EA,V3,1
36734,EA,CN,1
36734,EA,CT,1
36734,EA,R1,1
36734,EA,V3,1
36743,EA,CN,1
36743,EA,CT,1
36743,EA,R1,1
36743,EA,V3,1
36767,EA,CN,2
36767,EA,R1,2
36767,EA,V3,2
36785,EA,CN,2
36785,EA,CT,2
36812,EA,CN,2
36812,EA,CT,2
36812,EA,R1,2
36812,EA,V3,2
36819,EA,CN,2
36819,EA,CT,2
36819,EA,R1,2
36819,EA,V3,2
36849,EA,CN,2
36849,EA,CT,2
36849,EA,R1,2
36849,EA,V3,2
36960,EA,CN,1
36960,EA,CT,1
36960,EA,R1,1
36960,EA,V3,1
36974,EA,CN,2
36974,EA,CT,2
36974,EA,R1,2
36974,EA,V3,2
37006,EA,CT,2
37006,EA,R1,2
37006,EA,V3,2
37016,EA,CN,2
37016,EA,CT,2
37016,EA,R1,2
37016,EA,V3,2
37020,EA,CN,1
37020,EA,CT,1
37020,EA,R1,1
37020,EA,V3,1
37082,EA,CN,2
37082,EA,CT,2
37082,EA,R1,2
37082,EA,V3,2
37102,EA,CN,2
37102,EA,CT,2
37102,EA,R1,1
37102,EA,V3,2
37114,EA,CN,1
37114,EA,R1,2
37124,EA,CN,2
37124,EA,CT,2
37124,EA,R1,2
37124,EA,V3,2
37184,EA,CN,2
37184,EA,CT,1
37184,EA,R1,2
37234,EA,CN,1
37234,EA,CT,1
37234,EA,R1,2
37245,EA,CN,1
37245,EA,CT,1
37245,EA,R1,1
37245,EA,V3,1
37249,EA,R1,2
37249,EA,V3,2
37258,EA,CN,1
37258,EA,CT,1
37258,EA,R1,2
37258,EA,V3,1
37327,EA,CN,1
37327,EA,CT,1
37327,EA,R1,1
37327,EA,V3,1
37367,EA,CN,2
37367,EA,CT,2
37367,EA,R1,2
37367,EA,V3,2
37404,EA,CN,1
37404,EA,CT,1
37404,EA,R1,1
37422,EA,CN,1
37422,EA,CT,1
37422,EA,R1,1
37422,EA,V3,1
37432,EA,CN,2
37432,EA,CT,2
37432,EA,R1,2
37432,EA,V3,2
37435,EA,CN,1
37435,EA,CT,1
37435,EA,R1,1
37435,EA,V3,2
37490,EA,CN,1
37490,EA,CT,1
37490,EA,R1,1
37490,EA,V3,1
37537,EA,CT,1
37537,EA,R1,2
37537,EA,V3,2
37542,EA,CT,1
37542,EA,R1,1
37542,EA,V3,1
37569,EA,CN,2
37569,EA,CT,2
37569,EA,R1,2
37569,EA,V3,2
37608,EA,CN,1
37608,EA,CT,1
37608,EA,R1,1
37608,EA,V3,1
37614,EA,CN,2
37614,EA,R1,2
37614,EA,V3,2
37617,EA,CN,2
37617,EA,V3,2
37679,EA,CN,1
37679,EA,CT,1
37679,EA,R1,1
37679,EA,V3,1
37723,EA,CN,2
37723,EA,CT,2
37723,EA,R1,2
37723,EA,V3,2
37725,EA,CN,2
37725,EA,R1,2
37725,EA,V3,1
37741,EA,CT,1
37741,EA,R1,2
37743,EA,CN,2
37743,EA,CT,2
37743,EA,R1,2
37743,EA,V3,2
37842,EA,CN,1
37842,EA,CT,1
37842,EA,R1,1
37842,EA,V3,1
37843,EA,CN,1
37843,EA,CT,1
37843,EA,R1,1
37843,EA,V3,1
37909,EA,CN,1
37909,EA,CT,1
37909,EA,R1,1
37909,EA,V3,1
37955,EA,CN,1
37955,EA,CT,1
37955,EA,R1,1
37955,EA,V3,1
38026,EA,CN,2
38026,EA,CT,2
38026,EA,R1,2
38068,EA,CN,2
38068,EA,CT,2
38068,EA,R1,2
38068,EA,V3,2
38078,EA,CN,2
38078,EA,CT,2
38078,EA,R1,2
38078,EA,V3,2
38093,EA,R1,2
38093,EA,V3,2
38130,EA,CN,1
38130,EA,CT,1
38130,EA,R1,2
38130,EA,V3,2
38144,EA,CN,1
38144,EA,CT,1
38144,EA,R1,1
38144,EA,V3,1
38146,EA,CN,1
38146,EA,CT,1
38146,EA,R1,1
38146,EA,V3,1
38166,EA,CN,1
38166,EA,CT,1
38166,EA,R1,1
38166,EA,V3,1
38168,EA,CN,1
38168,EA,CT,1
38168,EA,V3,1
38191,EA,CN,2
38191,EA,CT,2
38191,EA,R1,2
38191,EA,V3,1
38245,EA,CN,1
38245,EA,CT,1
38245,EA,R1,1
38245,EA,V3,1
38267,EA,CT,2
38267,EA,R1,1
38352,EA,CN,1
38352,EA,CT,1
38352,EA,R1,1
38352,EA,V3,1
38363,EA,CT,1
38363,EA,R1,2
38390,EA,CN,2
38390,EA,CT,1
38390,EA,R1,1
38395,EA,CN,1
38395,EA,CT,1
38395,EA,R1,1
38395,EA,V3,1
38425,EA,CN,2
38425,EA,CT,2
38425,EA,R1,2
38425,EA,V3,2
38485,EA,CN,1
38485,EA,CT,1
38485,EA,R1,1
38485,EA,V3,1
38518,EA,CN,1
38518,EA,CT,1
38518,EA,R1,1
38518,EA,V3,1
38530,EA,CN,1
38530,EA,CT,1
38530,EA,R1,1
38530,EA,V3,1
38533,EA,CN,2
38533,EA,V3,2
38554,EA,R1,2
38554,EA,V3,2
38562,EA,CN,2
38562,EA,CT,2
38562,EA,R1,2
38562,EA,V3,2
38593,EA,CN,2
38593,EA,CT,2
38593,EA,R1,2
38593,EA,V3,2
38627,EA,CN,2
38627,EA,CT,2
38627,EA,R1,2
38627,EA,V3,2
38630,EA,CN,1
38630,EA,CT,1
38630,EA,R1,1
38630,EA,V3,1
38721,EA,CN,1
38721,EA,CT,1
38721,EA,R1,1
38721,EA,V3,1
38773,EA,CN,2
38773,EA,CT,2
38773,EA,R1,1
38773,EA,V3,1
38802,EA,CN,1
38802,EA,CT,1
38802,EA,R1,2
38802,EA,V3,2
38809,EA,CN,2
38809,EA,CT,1
38809,EA,R1,1
38809,EA,V3,2
38811,EA,CN,2
38811,EA,CT,2
38811,EA,R1,2
38811,EA,V3,2
38829,EA,CN,1
38829,EA,CT,1
38829,EA,R1,1
38829,EA,V3,1
38858,EA,CN,1
38858,EA,CT,1
38858,EA,R1,2
38858,EA,V3,1
38920,EA,CN,2
38920,EA,CT,2
38920,EA,R1,2
38928,EA,CN,2
38928,EA,CT,2
38928,EA,R1,2
38928,EA,V3,2
38947,EA,CN,1
38947,EA,CT,1
38947,EA,R1,1
38947,EA,V3,1
39000,EA,R1,2
39000,EA,V3,2
39152,EA,CN,1
39152,EA,CT,1
39152,EA,R1,2
39152,EA,V3,1
39199,EA,CN,1
39199,EA,CT,1
39199,EA,R1,1
39199,EA,V3,1
39321,EA,CN,1
39321,EA,CT,1
39321,EA,R1,1
39321,EA,V3,1
39356,EA,CN,2
39356,EA,CT,2
39356,EA,R1,2
39356,EA,V3,2
39388,EA,CN,2
39388,EA,CT,2
39388,EA,R1,2
39388,EA,V3,2
39457,EA,CN,1
39457,EA,CT,1
39457,EA,R1,1
39457,EA,V3,1
39466,EA,CN,1
39466,EA,CT,1
39466,EA,R1,1
39466,EA,V3,1
39532,EA,CN,2
39532,EA,CT,2
39532,EA,R1,2
39532,EA,V3,2
39553,EA,CN,2
39553,EA,CT,2
39553,EA,R1,2
39553,EA,V3,2
39557,EA,CN,1
39557,EA,CT,1
39557,EA,R1,1
39557,EA,V3,1
39630,EA,CN,1
39630,EA,CT,1
39630,EA,V3,1
39715,EA,CN,1
39715,EA,CT,1
39715,EA,R1,2
39715,EA,V3,1
39795,EA,CN,1
39795,EA,CT,1
39795,EA,R1,1
39795,EA,V3,1
39804,EA,CN,1
39804,EA,CT,1
39804,EA,R1,1
39804,EA,V3,1
39833,EA,CN,2
39833,EA,CT,2
39833,EA,R1,2
39833,EA,V3,1
39842,EA,CN,1
39842,EA,CT,1
39842,EA,R1,1
39842,EA,V3,1
39855,EA,CN,1
39855,EA,CT,1
39855,EA,R1,2
39855,EA,V3,1
39864,EA,CN,2
39864,EA,CT,2
39864,EA,R1,2
39864,EA,V3,2
39884,EA,CN,2
39884,EA,CT,2
39884,EA,R1,2
39884,EA,V3,2
39918,EA,CN,1
39918,EA,CT,1
39918,EA,R1,1
39918,EA,V3,1
40029,EA,CT,2
40029,EA,V3,1
40068,EA,CN,1
40068,EA,CT,1
40068,EA,R1,1
40068,EA,V3,1
40135,EA,CN,1
40135,EA,CT,1
40135,EA,R1,1
40135,EA,V3,1
40145,EA,CT,2
40145,EA,R1,1
40145,EA,V3,2
40164,EA,CN,1
40164,EA,CT,1
40164,EA,R1,1
40164,EA,V3,1
40169,EA,CN,1
40169,EA,CT,1
40169,EA,R1,1
40296,EA,CN,2
40296,EA,CT,2
40296,EA,R1,2
40296,EA,V3,2
40352,EA,CN,2
40352,EA,R1,1
40352,EA,V3,1
40376,EA,CN,1
40376,EA,CT,1
40376,EA,R1,1
40376,EA,V3,1
40497,EA,CN,2
40497,EA,CT,2
40497,EA,R1,2
40497,EA,V3,2
40535,EA,CN,1
40535,EA,R1,1
40535,EA,V3,1
40542,EA,CN,2
40542,EA,CT,2
40542,EA,R1,2
40542,EA,V3,2
40622,EA,CN,2
40622,EA,CT,2
40622,EA,R1,2
40622,EA,V3,2
40625,EA,CN,2
40625,EA,CT,2
40625,EA,R1,2
40625,EA,V3,1
40653,EA,CN,2
40653,EA,CT,2
40653,EA,R1,2
40653,EA,V3,2
40762,EA,CN,1
40762,EA,CT,1
40762,EA,R1,1
40762,EA,V3,1
40853,EA,CN,1
40853,EA,CT,1
40853,EA,R1,1
40853,EA,V3,1
40855,EA,CN,2
40855,EA,CT,1
40855,EA,R1,2
40855,EA,V3,1
40857,EA,CN,2
40857,EA,CT,2
40857,EA,V3,1
40920,EA,CN,1
40920,EA,CT,1
40920,EA,R1,2
40920,EA,V3,1
40923,EA,CN,2
40923,EA,R1,2
40969,EA,CN,1
40969,EA,CT,1
40969,EA,R1,1
40969,EA,V3,1
40991,EA,CN,1
41001,EA,CN,2
41001,EA,CT,2
41001,EA,R1,2
41001,EA,V3,2
41077,EA,CN,1
41077,EA,CT,1
41077,EA,R1,1
41077,EA,V3,2
41103,EA,CN,2
41103,EA,CT,2
41103,EA,R1,2
41103,EA,V3,2
41150,EA,CN,1
41150,EA,R1,2
41150,EA,V3,2
41152,EA,CN,1
41152,EA,CT,2
41152,EA,R1,2
41152,EA,V3,2
41237,EA,CN,1
41237,EA,CT,1
41237,EA,R1,1
41237,EA,V3,1
41239,EA,CN,1
41239,EA,CT,1
41239,EA,R1,1
41239,EA,V3,1
41273,EA,CN,1
41273,EA,CT,1
41273,EA,V3,1
41360,EA,CN,2
41360,EA,CT,2
41360,EA,R1,2
41360,EA,V3,2
41368,EA,CN,1
41368,EA,CT,1
41368,EA,R1,1
41368,EA,V3,1
41416,EA,CN,1
41416,EA,CT,1
41416,EA,R1,2
41457,EA,CN,2
41457,EA,V3,2
41472,EA,CN,1
41472,EA,CT,1
41472,EA,R1,1
41472,EA,V3,1
41514,EA,CN,1
41514,EA,CT,1
41514,EA,R1,2
41581,EA,CN,2
41581,EA,CT,2
41581,EA,R1,2
41581,EA,V3,2
41590,EA,CN,1
41590,EA,CT,2
41590,EA,R1,2
41590,EA,V3,2
41607,EA,CN,1
41607,EA,CT,1
41607,EA,R1,1
41607,EA,V3,1
41636,EA,CN,1
41636,EA,CT,1
41636,EA,R1,1
41636,EA,V3,1
41704,EA,CN,1
41704,EA,CT,1
41704,EA,R1,1
41704,EA,V3,1
41829,EA,CN,1
41829,EA,CT,1
41829,EA,R1,1
41829,EA,V3,1
41836,EA,CN,1
41836,EA,CT,1
41836,EA,R1,1
41836,EA,V3,1
41906,EA,CN,2
41906,EA,CT,2
41906,EA,R1,2
41906,EA,V3,2
41973,EA,CN,2
41973,EA,R1,2
42006,EA,CN,1
42006,EA,CT,1
42006,EA,R1,2
42006,EA,V3,2
42040,EA,CN,1
42040,EA,CT,1
42040,EA,R1,1
42040,EA,V3,1
42067,EA,CN,1
42067,EA,CT,1
42067,EA,R1,1
42067,EA,V3,1
42086,EA,CN,2
42086,EA,CT,2
42086,EA,R1,2
42112,EA,CN,2
42112,EA,CT,2
42112,EA,R1,2
42112,EA,V3,2
42166,EA,CN,2
42166,EA,CT,2
42166,EA,R1,2
42166,EA,V3,2
42174,EA,CN,2
42174,EA,CT,2
42174,EA,R1,1
42174,EA,V3,2
42185,EA,CN,2
42185,EA,CT,2
42185,EA,R1,2
42185,EA,V3,2
42228,EA,CN,2
42228,EA,CT,2
42228,EA,R1,2
42228,EA,V3,2
42330,EA,CN,1
42330,EA,CT,1
42330,EA,R1,1
42330,EA,V3,1
42335,EA,CN,2
42335,EA,CT,2
42335,EA,R1,2
42335,EA,V3,2
42344,EA,CN,1
42344,EA,CT,1
42344,EA,R1,1
42344,EA,V3,2
42391,EA,CN,2
42391,EA,CT,2
42391,EA,R1,2
42391,EA,V3,2
42428,EA,CN,1
42428,EA,CT,1
42428,EA,R1,1
42428,EA,V3,1
42468,EA,CN,1
42468,EA,CT,2
42468,EA,R1,2
42468,EA,V3,2
42520,EA,CN,2
42520,EA,CT,1
42520,EA,V3,1
42521,EA,CN,1
42521,EA,CT,1
42521,EA,R1,1
42521,EA,V3,1
42568,EA,CN,1
42568,EA,CT,1
42568,EA,R1,2
42568,EA,V3,2
42572,EA,CN,2
42572,EA,R1,2
42572,EA,V3,2
42585,EA,CN,1
42585,EA,CT,1
42585,EA,R1,1
42585,EA,V3,1
42609,EA,CN,2
42609,EA,CT,2
42609,EA,R1,2
42609,EA,V3,2
42690,EA,CN,2
42690,EA,CT,2
42690,EA,R1,2
42690,EA,V3,2
42714,EA,CN,2
42714,EA,CT,2
42714,EA,R1,2
42714,EA,V3,2
42742,EA,CN,1
42742,EA,V3,2
42860,EA,CN,2
42860,EA,CT,2
42860,EA,R1,2
42860,EA,V3,2
42886,EA,CN,2
42886,EA,CT,2
42886,EA,R1,2
42886,EA,V3,2
42922,EA,CN,2
42922,EA,CT,2
42922,EA,R1,2
43042,EA,CN,1
43042,EA,CT,1
43042,EA,R1,1
43042,EA,V3,1
43070,EA,CN,2
43070,EA,CT,2
43070,EA,R1,2
43070,EA,V3,2
43113,EA,CN,1
43113,EA,CT,1
43113,EA,V3,2
43164,EA,CN,2
43164,EA,CT,2
43164,EA,R1,2
43164,EA,V3,2
43191,EA,CN,1
43191,EA,R1,1
43191,EA,V3,1
43285,EA,CN,1
43285,EA,CT,2
43285,EA,V3,1
43295,EA,CN,2
43295,EA,CT,2
43295,EA,R1,2
43295,EA,V3,2
43350,EA,CN,2
43350,EA,CT,2
43350,EA,R1,2
43350,EA,V3,2
43486,EA,CN,1
43486,EA,CT,1
43486,EA,R1,1
43486,EA,V3,1
43526,EA,CN,2
43526,EA,CT,2
43526,EA,R1,2
43526,EA,V3,2
43621,EA,CN,2
43621,EA,CT,2
43621,EA,R1,2
43621,EA,V3,2
43668,EA,CN,2
43668,EA,CT,2
43668,EA,R1,2
43668,EA,V3,2
43764,EA,CN,2
43764,EA,CT,2
43764,EA,R1,2
43764,EA,V3,2
43800,EA,CN,2
43800,EA,CT,2
43800,EA,R1,2
43800,EA,V3,1
43811,EA,CN,2
43811,EA,CT,2
43811,EA,V3,1
43878,EA,CN,1
43878,EA,CT,1
43878,EA,R1,1
44063,EA,CN,2
44063,EA,R1,2
44063,EA,V3,2
44064,EA,CN,2
44064,EA,CT,2
44064,EA,R1,2
44064,EA,V3,2
44147,EA,CN,1
44147,EA,R1,2
44147,EA,V3,1
44167,EA,CN,2
44167,EA,CT,2
44167,EA,R1,2
44167,EA,V3,2
44178,EA,CN,2
44178,EA,CT,2
44178,EA,R1,2
44178,EA,V3,2
44313,EA,CN,2
44313,EA,CT,1
44313,EA,R1,2
44313,EA,V3,2
44380,EA,CN,1
44380,EA,CT,1
44380,EA,R1,1
44380,EA,V3,1
44400,EA,CN,1
44400,EA,CT,1
44400,EA,R1,2
44400,EA,V3,2
44415,EA,CN,2
44415,EA,CT,2
44415,EA,R1,2
44415,EA,V3,2
44430,EA,CN,2
44430,EA,CT,2
44430,EA,R1,2
44430,EA,V3,2
44444,EA,CN,2
44444,EA,CT,2
44444,EA,R1,2
44444,EA,V3,2
44458,EA,CN,2
44458,EA,CT,2
44458,EA,R1,2
44458,EA,V3,2
44475,EA,CN,1
44475,EA,CT,1
44475,EA,R1,1
44475,EA,V3,1
44479,EA,CN,2
44479,EA,CT,2
44479,EA,R1,2
44479,EA,V3,2
44628,EA,CN,1
44628,EA,CT,1
44628,EA,R1,1
44628,EA,V3,1
44682,EA,CN,1
44682,EA,CT,1
44682,EA,R1,1
44682,EA,V3,1
44743,EA,CN,1
44743,EA,CT,1
44743,EA,R1,1
44743,EA,V3,1
44812,EA,CT,2
44812,EA,R1,2
44812,EA,V3,2
44833,EA,CN,1
44833,EA,CT,2
44833,EA,R1,1
44833,EA,V3,2
44841,EA,CN,1
44841,EA,CT,1
44841,EA,R1,2
44841,EA,V3,2
44887,EA,CN,2
44887,EA,CT,2
44887,EA,R1,2
44887,EA,V3,2
44967,EA,CN,1
44967,EA,R1,1
44967,EA,V3,1
45012,EA,CN,2
45012,EA,CT,2
45012,EA,R1,2
45012,EA,V3,2
45024,EA,CN,1
45024,EA,CT,1
45024,EA,R1,1
45024,EA,V3,1
45075,EA,CN,2
45075,EA,CT,2
45075,EA,R1,2
45075,EA,V3,2
45117,EA,CN,2
45117,EA,CT,2
45117,EA,R1,2
45117,EA,V3,1
45137,EA,CN,2
45137,EA,CT,2
45137,EA,R1,2
45175,EA,CN,2
45175,EA,CT,2
45175,EA,R1,2
45175,EA,V3,2
45184,EA,CN,1
45184,EA,CT,1
45184,EA,R1,1
45184,EA,V3,1
45190,EA,CT,1
45190,EA,R1,2
45190,EA,V3,2
45199,EA,CN,1
45289,EA,CN,1
45289,EA,CT,1
45289,EA,R1,1
45289,EA,V3,1
45314,EA,CN,1
45314,EA,CT,1
45314,EA,R1,1
45314,EA,V3,1
45337,EA,CN,1
45337,EA,CT,1
45337,EA,R1,1
45337,EA,V3,1
45340,EA,CN,2
45340,EA,CT,2
45340,EA,R1,2
45340,EA,V3,2
45390,EA,CN,2
45390,EA,CT,2
45390,EA,R1,2
45390,EA,V3,2
45424,EA,CN,2
45424,EA,CT,1
45424,EA,R1,2
45424,EA,V3,1
45470,EA,CN,2
45470,EA,CT,2
45470,EA,R1,2
45470,EA,V3,2
45492,EA,CN,1
45492,EA,CT,1
45492,EA,R1,1
45492,EA,V3,1
45529,EA,CN,2
45529,EA,CT,2
45529,EA,R1,2
45529,EA,V3,2
45544,EA,CN,2
45544,EA,R1,2
45544,EA,V3,2
45784,EA,CN,1
45784,EA,CT,1
45784,EA,R1,1
45784,EA,V3,1
45800,EA,CN,2
45800,EA,CT,2
45800,EA,R1,2
45800,EA,V3,2
45811,EA,CN,2
45811,EA,CT,2
45811,EA,R1,2
45811,EA,V3,2
45837,EA,CN,1
45837,EA,CT,1
45837,EA,R1,1
45837,EA,V3,1
45857,EA,CN,2
45857,EA,CT,2
45857,EA,R1,2
45857,EA,V3,2
45893,EA,CN,2
45893,EA,CT,2
45893,EA,R1,2
45893,EA,V3,2
45919,EA,CN,2
45919,EA,CT,2
45919,EA,V3,1
45938,EA,CN,2
45938,EA,CT,2
45938,EA,R1,2
45938,EA,V3,2
45983,EA,CN,1
45983,EA,R1,1
45983,EA,V3,1
45985,EA,CN,1
45985,EA,CT,1
45985,EA,R1,1
45985,EA,V3,1
46026,EA,CN,2
46026,EA,CT,2
46026,EA,R1,2
46026,EA,V3,2
46132,EA,CN,1
46132,EA,CT,1
46132,EA,R1,1
46132,EA,V3,1
46147,EA,CN,1
46147,EA,CT,1
46147,EA,R1,1
46147,EA,V3,1
46160,EA,CN,1
46160,EA,CT,1
46160,EA,R1,1
46160,EA,V3,1
46218,EA,CN,2
46218,EA,CT,2
46218,EA,V3,2
46346,EA,CN,1
46346,EA,CT,1
46346,EA,R1,1
46346,EA,V3,1
46371,EA,CN,2
46371,EA,CT,2
46371,EA,R1,1
46371,EA,V3,2
46372,EA,CN,2
46372,EA,CT,2
46372,EA,R1,2
46372,EA,V3,2
46555,EA,CN,2
46555,EA,CT,2
46555,EA,R1,2
46569,EA,CN,2
46569,EA,CT,2
46569,EA,R1,2
46569,EA,V3,2
46595,EA,CN,2
46595,EA,CT,2
46595,EA,R1,2
46595,EA,V3,2
46674,EA,CN,1
46674,EA,CT,1
46674,EA,R1,1
46674,EA,V3,1
46707,EA,CN,1
46707,EA,CT,1
46707,EA,R1,1
46707,EA,V3,1
46710,EA,CN,2
46710,EA,CT,2
46710,EA,R1,2
46710,EA,V3,2
46751,EA,CN,2
46751,EA,CT,2
46751,EA,R1,2
46751,EA,V3,2
46756,EA,CN,1
46756,EA,CT,1
46756,EA,R1,1
46756,EA,V3,1
46758,EA,CN,2
46810,EA,CN,2
46810,EA,CT,2
46810,EA,R1,2
46810,EA,V3,1
46859,EA,CN,2
46859,EA,CT,2
46859,EA,R1,2
46859,EA,V3,2
46880,EA,CN,1
46880,EA,CT,1
46880,EA,R1,1
46880,EA,V3,1
46894,EA,CN,2
46894,EA,CT,2
46894,EA,R1,2
46894,EA,V3,2
46969,EA,CN,2
46969,EA,CT,2
46969,EA,R1,2
46969,EA,V3,2
47024,EA,CT,2
47024,EA,R1,2
47060,EA,CN,2
47060,EA,CT,2
47060,EA,R1,2
47060,EA,V3,2
47065,EA,CN,1
47065,EA,CT,1
47065,EA,R1,2
47065,EA,V3,1
47097,EA,CN,1
47097,EA,CT,1
47097,EA,R1,1
47097,EA,V3,1
47139,EA,CN,2
47139,EA,CT,2
47139,EA,R1,2
47139,EA,V3,2
47169,EA,CN,2
47169,EA,CT,2
47169,EA,R1,2
47169,EA,V3,2
47174,EA,CN,2
47174,EA,CT,2
47174,EA,R1,2
47216,EA,CN,2
47216,EA,CT,2
47216,EA,R1,2
47216,EA,V3,2
47246,EA,CN,2
47246,EA,CT,2
47246,EA,R1,2
47246,EA,V3,2
47249,EA,CN,2
47249,EA,CT,2
47249,EA,R1,2
47249,EA,V3,2
47362,EA,CN,1
47362,EA,CT,1
47362,EA,R1,1
47362,EA,V3,1
47371,EA,CN,1
47371,EA,CT,1
47371,EA,R1,1
47371,EA,V3,1
47560,EA,CN,1
47560,EA,CT,1
47560,EA,R1,1
47560,EA,V3,1
47603,EA,CN,1
47603,EA,CT,1
47603,EA,R1,1
47603,EA,V3,1
47619,EA,CN,2
47619,EA,CT,2
47619,EA,R1,2
47619,EA,V3,2
47632,EA,CN,1
47632,EA,CT,1
47632,EA,R1,1
47632,EA,V3,1
47865,EA,CN,2
47865,EA,CT,2
47865,EA,R1,2
47865,EA,V3,2
47886,EA,CT,1
47886,EA,R1,1
47886,EA,V3,1
48180,EA,CN,2
48180,EA,CT,2
48180,EA,R1,1
48182,EA,CN,1
48182,EA,CT,1
48182,EA,R1,1
48182,EA,V3,1
48217,EA,R1,2
48217,EA,V3,1
48246,EA,CN,1
48246,EA,CT,1
48246,EA,R1,1
48246,EA,V3,1
48295,EA,CN,2
48295,EA,V3,2
48329,EA,CN,1
48329,EA,CT,1
48329,EA,R1,1
48329,EA,V3,1
48352,EA,CN,1
48352,EA,CT,1
48352,EA,R1,1
48352,EA,V3,2
48355,EA,CN,2
48355,EA,CT,2
48355,EA,R1,2
48355,EA,V3,2
48359,EA,CN,1
48359,EA,CT,1
48359,EA,V3,2
48434,EA,CT,1
48434,EA,R1,2
48434,EA,V3,1
48441,EA,CN,1
48441,EA,R1,2
48441,EA,V3,2
48449,EA,CN,2
48449,EA,CT,2
48449,EA,R1,2
48449,EA,V3,2
48506,EA,CN,2
48506,EA,CT,2
48506,EA,R1,2
48506,EA,V3,2
48538,EA,CN,2
48538,EA,CT,2
48538,EA,R1,2
48538,EA,V3,1
48541,EA,CN,1
48541,EA,CT,1
48541,EA,R1,1
48541,EA,V3,1
48562,EA,CN,2
48562,EA,CT,2
48562,EA,R1,2
48562,EA,V3,2
48563,EA,CT,2
48563,EA,R1,2
48563,EA,V3,2
48566,EA,CN,1
48566,EA,CT,2
48566,EA,R1,1
48566,EA,V3,1
48587,EA,CT,1
48587,EA,R1,1
48587,EA,V3,1
48607,EA,CN,2
48607,EA,CT,2
48607,EA,V3,2
48618,EA,CN,1
48618,EA,CT,1
48618,EA,V3,1
48722,EA,CT,2
48722,EA,R1,2
48722,EA,V3,2
48728,EA,CN,1
48728,EA,CT,1
48728,EA,R1,1
48728,EA,V3,1
48859,EA,CN,2
48859,EA,CT,2
48859,EA,R1,2
48859,EA,V3,2
48898,EA,CT,1
48898,EA,R1,1
48898,EA,V3,1
48976,EA,CN,2
48976,EA,CT,2
48976,EA,R1,2
48976,EA,V3,2
49004,EA,CN,1
49004,EA,CT,1
49004,EA,R1,1
49004,EA,V3,1
49029,EA,CN,1
49029,EA,CT,1
49029,EA,R1,2
49029,EA,V3,1
49047,EA,CN,1
49047,EA,CT,1
49047,EA,R1,1
49047,EA,V3,1
49052,EA,CN,1
49052,EA,CT,1
49052,EA,R1,1
49052,EA,V3,1
49095,EA,CN,1
49095,EA,CT,1
49095,EA,R1,1
49095,EA,V3,1
49132,EA,CN,1
49132,EA,CT,1
49132,EA,R1,1
49132,EA,V3,2
49146,EA,CN,1
49146,EA,CT,1
49146,EA,R1,1
49146,EA,V3,1
49168,EA,CN,1
49168,EA,CT,2
49168,EA,R1,1
49168,EA,V3,1
49182,EA,CN,1
49182,EA,CT,2
49182,EA,R1,2
49182,EA,V3,2
49189,EA,CN,1
49189,EA,CT,1
49189,EA,R1,1
49189,EA,V3,1
49213,EA,CN,1
49213,EA,CT,1
49213,EA,R1,1
49213,EA,V3,1
49228,EA,CN,1
49228,EA,CT,1
49228,EA,R1,1
49228,EA,V3,1
49239,EA,CN,1
49239,EA,CT,1
49239,EA,V3,1
49242,EA,CN,2
49242,EA,CT,2
49242,EA,R1,2
49242,EA,V3,2
49325,EA,CN,1
49325,EA,CT,1
49325,EA,R1,1
49325,EA,V3,1
49400,EA,CT,2
49400,EA,R1,2
49400,EA,V3,2
49460,EA,CN,1
49460,EA,CT,1
49460,EA,R1,1
49460,EA,V3,1
49550,EA,CN,1
49550,EA,CT,1
49550,EA,R1,2
49700,EA,CN,1
49700,EA,CT,1
49700,EA,R1,2
49700,EA,V3,1
49737,EA,CN,1
49737,EA,CT,1
49737,EA,R1,1
49737,EA,V3,1
49765,EA,CN,1
49765,EA,CT,2
49765,EA,R1,2
49777,EA,CN,1
49777,EA,R1,1
49777,EA,V3,1
49804,EA,CN,2
49804,EA,CT,2
49804,EA,V3,1
49855,EA,CN,2
49855,EA,CT,2
49855,EA,R1,2
49855,EA,V3,2
49870,EA,CN,2
49870,EA,CT,2
49870,EA,R1,2
49870,EA,V3,2
49943,EA,CN,2
49943,EA,CT,2
49943,EA,R1,2
49943,EA,V3,2
49950,EA,CN,2
49950,EA,CT,2
49950,EA,R1,2
49950,EA,V3,2
49959,EA,CN,2
49959,EA,CT,2
49959,EA,R1,2
49959,EA,V3,2
49971,EA,CN,2
49971,EA,CT,1
49971,EA,R1,1
49971,EA,V3,1
