idx,Neutral|CN,Neutral|CT,Neutral|R1,Neutral|V3,Neutral-CoT|CN,Neutral-CoT|CT,Neutral-CoT|R1,Neutral-CoT|V3,EI|CN,EI|CT,EI|R1,EI|V3,EA|CN,EA|CT,EA|R1,EA|V3
107,2,2,2,2,2,2,2,2,2,2,2,2,2,2,2,2
176,1,1,1,1,1,1,1,1,1,1,1,1,1,1,1,1
284,2,2,2,2,2,2,2,2,2,2,2,2,2,2,2,2
287,1,1,1,1,1,1,1,1,1,1,1,1,1,1,1,1
310,2,2,2,2,2,2,2,2,2,2,2,2,2,2,2,2
379,2,2,2,2,2,2,2,2,2,2,2,2,2,2,2,2
393,2,2,2,2,2,2,2,2,2,2,2,2,2,2,2,2
450,2,2,2,2,2,2,2,2,2,2,2,2,2,2,2,2
504,2,2,2,2,2,2,2,2,2,2,2,2,2,2,2,2
545,1,1,1,1,1,1,1,1,1,1,1,1,1,1,1,1
715,2,2,2,2,2,2,2,2,2,2,2,2,2,2,2,2
722,1,1,1,1,1,1,1,1,1,1,1,1,1,1,1,1
793,2,2,2,2,2,2,2,2,2,2,2,2,2,2,2,2
856,2,2,2,2,2,2,2,2,2,2,2,2,2,2,2,2
893,2,2,2,2,2,2,2,2,2,2,2,2,2,2,2,2
1029,2,2,2,2,2,2,2,2,2,2,2,2,2,2,2,2
1200,2,2,2,2,2,2,2,2,2,2,2,2,2,2,2,2
1261,2,2,2,2,2,2,2,2,2,2,2,2,2,2,2,2
1363,2,2,2,2,2,2,2,2,2,2,2,2,2,2,2,2
1481,1,1,1,1,1,1,1,1,1,1,1,1,1,1,1,1
1552,1,1,1,1,1,1,1,1,1,1,1,1,1,1,1,1
1573,1,1,1,1,1,1,1,1,1,1,1,1,1,1,1,1
1656,2,2,2,2,2,2,2,2,2,2,2,2,2,2,2,2
1687,1,1,1,1,1,1,1,1,1,1,1,1,1,1,1,1
1707,2,2,2,2,2,2,2,2,2,2,2,2,2,2,2,2
1755,2,2,2,2,2,2,2,2,2,2,2,2,2,2,2,2
1814,2,2,2,2,2,2,2,2,2,2,2,2,2,2,2,2
1819,2,2,2,2,2,2,2,2,2,2,2,2,2,2,2,2
1822,1,1,1,1,1,1,1,1,1,1,1,1,1,1,1,1
2004,2,2,2,2,2,2,2,2,2,2,2,2,2,2,2,2
2055,1,1,1,1,1,1,1,1,1,1,1,1,1,1,1,1
2068,2,2,2,2,2,2,2,2,2,2,2,2,2,2,2,2
2155,2,2,2,2,2,2,2,2,2,2,2,2,2,2,2,2
2221,2,2,2,2,2,2,2,2,2,2,2,2,2,2,2,2
2288,2,2,2,2,2,2,2,2,2,2,2,2,2,2,2,2
2375,2,2,2,2,2,2,2,2,2,2,2,2,2,2,2,2
2426,2,2,2,2,2,2,2,2,2,2,2,2,2,2,2,2
2584,2,2,2,2,2,2,2,2,2,2,2,2,2,2,2,2
2600,1,1,1,1,1,1,1,1,1,1,1,1,1,1,1,1
2844,1,1,1,1,1,1,1,1,1,1,1,1,1,1,1,1
2891,2,2,2,2,2,2,2,2,2,2,2,2,2,2,2,2
2932,2,2,2,2,2,2,2,2,2,2,2,2,2,2,2,2
3056,1,1,1,1,1,1,1,1,1,1,1,1,1,1,1,1
3102,1,1,1,1,1,1,1,1,1,1,1,1,1,1,1,1
3191,1,1,1,1,1,1,1,1,1,1,1,1,1,1,1,1
3297,1,1,1,1,1,1,1,1,1,1,1,1,1,1,1,1
3363,1,1,1,1,1,1,1,1,1,1,1,1,1,1,1,1
3429,2,2,2,2,2,2,2,2,2,2,2,2,2,2,2,2
3440,1,1,1,1,1,1,1,1,1,1,1,1,1,1,1,1
3524,1,1,1,1,1,1,1,1,1,1,1,1,1,1,1,1
3631,2,2,2,2,2,2,2,2,2,2,2,2,2,2,2,2
3824,1,1,1,1,1,1,1,1,1,1,1,1,1,1,1,1
3867,1,1,1,1,1,1,1,1,1,1,1,1,1,1,1,1
3971,2,2,2,2,2,2,2,2,2,2,2,2,2,2,2,2
4066,2,2,2,2,2,2,2,2,2,2,2,2,2,2,2,2
4087,2,2,2,2,2,2,2,2,2,2,2,2,2,2,2,2
4187,1,1,1,1,1,1,1,1,1,1,1,1,1,1,1,1
4207,1,1,1,1,1,1,1,1,1,1,1,1,1,1,1,1
4211,1,1,1,1,1,1,1,1,1,1,1,1,1,1,1,1
4303,1,1,1,1,1,1,1,1,1,1,1,1,1,1,1,1
4314,1,1,1,1,1,1,1,1,1,1,1,1,1,1,1,1
4348,2,2,2,2,2,2,2,2,2,2,2,2,2,2,2,2
4447,1,1,1,1,1,1,1,1,1,1,1,1,1,1,1,1
4462,1,1,1,1,1,1,1,1,1,1,1,1,1,1,1,1
4624,2,2,2,2,2,2,2,2,2,2,2,2,2,2,2,2
4651,2,2,2,2,2,2,2,2,2,2,1,2,2,2,2,2
4652,1,1,1,1,1,1,1,1,1,1,1,1,1,1,1,1
4663,1,1,1,1,1,1,1,1,1,1,1,1,1,1,1,1
4706,2,2,2,2,2,2,2,2,2,2,2,2,2,2,2,2
4716,1,1,1,1,1,1,1,1,1,1,1,1,1,1,1,1
4767,1,1,1,1,1,1,1,1,1,1,1,1,1,1,1,1
4795,1,1,1,1,1,1,1,1,1,1,1,1,1,1,1,1
4812,2,2,2,2,2,2,2,2,2,2,1,2,2,2,1,2
4829,2,2,2,2,2,2,2,2,2,2,2,2,2,2,2,2
4927,2,2,2,2,2,2,2,2,2,2,2,2,2,2,2,2
5024,1,1,1,1,1,1,1,1,1,1,1,1,1,1,1,1
5086,2,2,2,2,2,2,2,2,2,2,2,2,2,2,2,2
5119,1,1,1,1,1,1,1,1,1,1,1,1,1,1,1,1
5120,2,2,2,2,2,2,2,2,2,2,2,2,2,2,2,2
5406,1,1,1,1,1,1,1,1,1,1,1,1,1,1,1,1
5424,2,2,2,2,2,2,2,2,2,2,2,2,2,2,2,2
5499,1,1,1,1,1,1,1,1,1,1,1,1,1,1,1,1
5570,1,1,1,1,1,1,1,1,1,1,1,1,1,1,1,1
5619,2,2,2,2,2,2,2,2,2,2,2,2,2,2,2,2
5651,1,1,1,1,1,1,1,1,1,1,1,1,1,1,1,1
5797,2,2,2,2,2,2,2,2,2,2,2,2,2,2,2,2
5824,2,2,2,2,2,2,2,2,2,2,2,2,2,2,2,2
5829,1,1,1,1,1,1,1,1,1,1,1,1,1,1,1,1
5906,2,2,2,2,2,2,2,2,2,2,2,2,2,2,2,2
5957,2,2,2,2,2,2,2,2,2,2,1,2,2,2,2,2
5998,2,2,2,2,2,2,2,2,2,2,2,2,2,2,2,2
6010,2,2,2,2,2,2,2,2,2,2,2,2,2,2,2,2
6111,1,1,1,1,1,1,1,1,1,1,1,1,1,1,1,1
6137,1,1,1,1,1,1,1,1,1,1,1,1,1,1,1,1
6156,1,1,1,1,1,1,1,1,1,1,1,1,1,1,1,1
6253,2,2,2,2,2,2,2,2,2,2,2,2,2,2,2,2
6255,2,2,2,2,2,2,2,2,2,2,2,2,2,2,2,2
6295,1,1,1,1,1,1,1,1,1,1,1,1,1,1,1,1
6347,1,1,1,1,1,1,1,1,1,1,1,1,1,1,1,1
6374,1,1,1,1,1,1,1,1,1,1,1,1,1,1,1,1
6452,1,1,1,1,1,1,1,1,1,1,1,1,1,1,1,1
6465,1,1,1,1,1,1,1,1,1,1,1,1,1,1,1,1
6484,2,2,2,2,2,2,2,2,2,2,2,2,2,2,2,2
6595,1,1,1,1,1,1,1,1,1,1,1,1,1,1,1,1
6631,1,1,1,1,1,1,1,1,1,1,1,1,1,1,1,1
6715,2,2,2,2,2,2,2,2,2,2,2,2,2,2,2,2
6728,1,1,1,1,1,1,1,1,1,1,1,1,1,1,1,1
6756,2,2,2,2,2,2,2,2,2,2,2,2,2,2,2,2
6812,1,1,1,1,1,1,1,1,1,1,1,1,1,1,1,1
6824,1,1,1,1,1,1,1,1,1,1,1,1,1,1,1,1
6842,1,1,1,1,1,1,1,1,1,1,1,2,1,1,1,2
6867,1,1,1,1,1,1,1,1,1,1,1,1,1,1,1,1
6899,2,2,2,2,2,2,2,2,2,2,2,2,2,2,2,2
6977,2,2,2,2,2,2,2,2,2,2,2,2,2,2,2,2
6991,1,1,1,1,1,1,1,1,1,1,1,1,1,1,1,1
7004,1,1,1,1,1,1,1,1,1,1,1,1,1,1,1,1
7070,2,2,2,2,2,2,2,2,2,2,2,2,2,2,2,2
7099,1,1,1,1,1,1,1,1,1,1,1,1,1,1,1,1
7194,2,2,2,2,2,2,2,2,2,2,2,2,2,2,2,2
7220,2,2,2,2,2,2,2,2,2,2,2,2,2,2,2,2
7313,2,2,2,2,2,2,2,2,2,2,2,2,2,2,2,2
7407,1,1,1,1,1,1,1,1,1,1,1,1,1,1,1,1
7430,2,2,2,2,2,2,2,2,2,2,2,2,2,2,2,2
7439,1,1,1,1,1,1,1,1,1,1,1,1,1,1,1,1
7451,2,2,2,2,2,2,2,2,1,2,2,2,1,2,2,2
7498,2,2,2,2,2,2,2,2,2,2,2,2,2,2,2,2
7550,1,1,1,1,1,1,1,1,1,1,1,1,1,1,1,1
7553,2,2,2,2,2,2,2,2,2,2,2,2,2,2,2,2
7555,1,1,1,1,1,1,1,1,1,1,1,1,1,1,1,1
7581,2,2,2,2,2,2,2,2,2,2,2,2,2,2,2,2
7654,1,1,1,1,1,1,1,1,1,1,1,1,1,1,1,1
7687,1,1,1,1,1,1,1,1,1,1,1,1,1,1,1,1
7723,1,1,1,1,1,1,1,1,1,1,1,1,1,1,1,1
7894,1,1,1,1,1,1,1,1,1,1,1,1,1,1,1,1
8015,2,2,2,2,2,2,2,2,2,2,2,2,2,2,2,2
8139,1,1,1,1,1,1,1,1,1,1,1,1,1,1,1,1
8217,2,2,2,2,2,2,2,2,1,1,2,1,1,1,2,1
8366,2,2,2,2,2,2,2,2,2,2,2,2,2,2,2,2
8444,1,1,1,1,1,1,1,1,1,1,1,1,1,1,1,1
8580,2,2,2,2,2,2,2,2,2,2,2,2,2,2,2,2
8630,2,2,2,2,2,2,2,2,2,2,2,2,2,2,2,2
8672,1,1,1,1,1,1,1,1,1,1,1,1,1,1,1,1
8902,2,2,2,2,2,2,2,2,2,2,2,2,2,2,2,2
8923,2,2,2,2,2,2,2,2,2,2,2,2,2,2,2,2
8948,1,1,1,1,1,1,1,1,1,1,1,1,1,1,1,1
8993,1,1,1,1,1,1,1,1,1,1,1,1,1,1,1,1
9004,1,1,1,1,1,1,1,1,1,1,1,1,1,1,1,1
9089,2,2,2,2,2,2,2,2,2,2,2,2,2,2,2,2
9134,2,2,2,2,2,2,2,2,2,2,2,2,2,2,2,2
9246,2,2,2,2,2,2,2,2,2,2,2,2,2,2,2,2
9268,1,1,1,1,1,1,1,1,1,1,1,1,1,1,1,1
9349,2,2,2,2,2,2,2,2,2,2,2,2,2,2,2,2
9357,2,2,2,2,2,2,2,2,2,2,2,2,2,2,2,2
9417,1,1,1,1,1,1,1,1,1,1,1,1,1,1,1,1
9465,1,1,1,1,1,1,1,1,1,1,1,1,1,1,1,1
9469,2,2,2,2,2,2,2,2,2,2,2,2,2,2,2,2
9595,1,1,1,1,1,1,1,1,1,1,2,1,1,1,2,1
9635,2,2,2,2,2,2,2,2,2,2,2,2,2,2,2,2
9677,2,2,2,2,2,2,2,2,2,2,2,2,2,2,2,2
9715,1,1,1,1,1,1,1,1,1,1,1,1,1,1,1,1
9774,2,2,2,2,2,2,2,2,2,2,2,2,2,2,2,2
9796,1,1,1,1,1,1,1,1,1,1,1,1,1,1,1,1
9892,2,2,2,2,2,2,2,2,2,2,2,2,2,2,2,2
9934,1,1,1,1,1,1,1,1,1,1,1,1,1,1,1,1
10022,1,1,1,1,1,1,1,1,1,1,1,1,1,1,1,1
10156,1,1,1,1,1,1,1,1,1,1,1,1,1,1,1,1
10163,1,1,1,1,1,1,1,1,1,1,1,1,1,1,1,1
10210,1,1,1,1,1,1,1,1,1,1,1,1,1,1,1,1
10328,1,1,1,1,1,1,1,1,1,1,1,1,1,1,1,1
10330,2,2,2,2,2,2,2,2,2,2,2,2,2,2,2,2
10375,1,1,1,1,1,1,1,1,1,1,1,1,1,1,1,1
10423,2,2,2,2,2,2,2,2,2,2,2,2,2,2,2,2
10434,1,1,1,1,1,1,1,1,1,1,1,1,1,1,1,1
10566,2,2,2,2,2,2,2,2,2,2,2,2,2,2,2,2
10610,2,2,2,2,2,2,2,2,2,2,2,2,2,2,2,2
10634,2,2,2,2,2,2,2,2,2,2,2,2,2,2,2,2
10771,2,2,2,2,2,2,2,2,2,2,2,2,2,2,2,2
10910,2,2,2,2,2,2,2,2,2,2,2,2,2,2,2,2
10954,2,2,2,2,2,2,2,2,2,2,2,2,2,2,2,2
10978,1,1,1,1,1,1,1,1,1,1,1,1,1,1,1,1
11102,1,1,1,1,1,1,1,1,1,1,1,1,1,1,1,1
11120,2,2,2,2,2,2,2,2,2,2,2,2,2,2,2,2
11189,2,2,2,2,2,2,2,2,2,2,2,2,2,2,2,2
11283,2,2,2,2,2,2,2,2,1,2,2,2,1,2,2,2
11511,2,2,2,2,2,2,2,2,2,2,2,2,2,2,2,2
11523,2,2,2,2,2,2,2,2,2,2,2,2,2,2,2,2
11525,1,1,1,1,1,1,1,1,1,1,1,1,1,1,1,1
11596,1,1,1,1,1,1,1,1,1,1,1,1,1,1,1,1
11630,1,1,1,1,1,1,1,1,1,1,1,1,1,1,1,1
11742,2,2,2,2,2,2,2,2,2,2,2,2,2,2,2,2
11786,1,1,1,1,1,1,1,1,1,1,1,1,1,1,1,1
11850,2,2,2,2,2,2,2,2,2,2,2,2,2,2,2,2
11870,1,1,1,1,1,1,1,1,1,1,1,1,1,1,1,1
11874,1,1,1,1,1,1,1,1,1,1,1,1,1,1,1,1
11930,1,1,1,1,1,1,1,1,1,1,1,1,1,1,1,1
11935,2,2,2,2,2,2,2,2,2,2,2,2,2,2,2,2
11967,1,1,1,1,1,1,1,1,1,1,1,1,1,1,1,1
12074,1,1,1,1,1,1,1,1,1,1,1,1,1,1,1,1
12151,1,1,1,1,1,1,1,1,1,1,1,1,1,1,1,1
12153,1,1,1,1,1,1,1,1,1,1,1,1,1,1,1,1
12271,2,2,2,2,2,2,2,2,2,2,2,2,2,2,2,2
12285,1,1,1,1,1,1,1,1,1,1,1,1,1,1,1,1
12429,2,2,2,2,2,2,2,2,2,2,2,2,2,2,2,2
12494,1,1,1,1,1,1,1,1,1,1,1,1,1,1,1,1
12645,1,1,1,1,1,1,1,1,1,1,1,1,1,1,1,1
12732,1,1,1,1,1,1,1,1,1,1,1,1,1,1,1,1
12798,2,2,2,2,2,2,2,2,2,2,2,2,2,2,2,2
12830,2,2,2,2,2,2,2,2,2,2,2,2,2,2,2,2
12860,2,2,2,2,2,2,2,2,2,2,2,2,2,2,2,2
12896,1,1,1,1,1,1,1,1,1,1,1,1,1,1,1,1
12903,1,1,1,1,1,1,1,1,2,2,2,1,2,2,2,1
12926,2,2,2,2,2,2,2,2,2,2,2,2,2,2,2,2
12948,2,2,2,2,2,2,2,2,2,2,2,2,2,2,2,2
12975,2,2,2,2,2,2,2,2,2,2,2,2,2,2,2,2
13050,2,2,2,2,2,2,2,2,2,2,2,2,2,2,2,2
13137,2,2,2,2,2,2,2,2,2,2,2,2,2,2,2,2
13227,2,2,2,2,2,2,2,2,2,2,2,2,2,2,2,2
13319,1,1,1,1,1,1,1,1,1,1,1,1,1,1,1,1
13484,2,2,2,2,2,2,2,2,2,2,2,2,2,2,2,2
13785,1,1,1,1,1,1,1,1,1,1,1,1,1,1,1,1
13843,2,2,2,2,2,2,2,2,2,2,2,2,2,2,2,2
13864,2,2,2,2,2,2,2,2,2,2,2,2,2,2,2,2
13874,1,1,1,1,1,1,1,1,1,1,1,1,1,1,1,1
14011,2,2,2,2,2,2,2,2,2,2,2,2,2,2,2,2
14055,2,2,2,2,2,2,2,2,2,2,2,2,2,2,2,2
14074,2,2,2,2,2,2,2,2,2,2,2,2,2,2,2,2
14139,2,2,2,2,2,2,2,2,2,2,2,2,2,2,2,2
14259,1,1,1,1,1,1,1,1,1,1,1,1,1,1,1,1
14325,1,1,1,1,1,1,1,1,1,1,1,1,1,1,1,1
14408,1,1,1,1,1,1,1,1,1,1,1,1,1,1,1,1
14469,1,1,1,1,1,1,1,1,1,1,1,1,1,1,1,1
14532,2,2,2,2,2,2,2,2,2,2,2,2,2,2,2,2
14557,1,1,1,1,1,1,1,1,1,1,1,1,1,1,1,1
14581,2,2,2,2,2,2,2,2,1,2,2,2,1,2,2,2
14617,2,2,2,2,2,2,2,2,2,2,2,2,2,2,2,2
14759,2,2,2,2,2,2,2,2,2,2,2,2,2,2,2,2
14793,1,1,1,1,1,1,1,1,1,1,1,1,1,1,1,1
14796,2,2,2,2,2,2,2,2,2,2,2,2,2,2,2,2
14845,2,2,2,2,2,2,2,2,2,2,2,2,2,2,2,2
14868,1,1,1,1,1,1,1,1,1,1,1,1,1,1,1,1
14900,1,1,1,1,1,1,1,1,1,1,1,1,1,1,1,1
14932,2,2,2,2,2,2,2,2,2,2,2,2,2,2,2,2
14970,2,2,2,2,2,2,2,2,2,2,2,2,2,2,2,2
14988,2,2,2,2,2,2,2,2,2,2,2,2,2,2,2,2
15035,1,1,1,1,1,1,1,1,1,1,1,1,1,1,1,1
15066,2,2,2,2,2,2,2,2,2,2,2,2,2,2,2,2
15133,2,2,2,2,2,2,2,2,2,2,2,2,2,2,2,2
15176,2,2,2,2,2,2,2,2,2,2,2,2,2,2,2,2
15189,1,1,1,1,1,1,1,1,1,1,1,1,1,1,1,1
15290,1,1,1,1,1,1,1,1,1,1,1,1,1,1,1,1
15363,2,2,2,2,2,2,2,2,2,2,2,2,2,2,2,2
15535,2,2,2,2,2,2,2,2,2,2,2,2,2,2,2,2
15555,1,1,1,1,1,1,1,1,2,2,1,1,2,2,1,1
15614,2,2,2,2,2,2,2,2,2,2,2,2,2,2,2,2
15620,2,2,2,2,2,2,2,2,2,2,2,2,2,2,2,2
15735,1,1,1,1,1,1,1,1,1,1,1,1,1,1,1,1
15883,1,1,1,1,1,1,1,1,1,1,1,1,1,1,1,1
16114,1,1,1,1,1,1,1,1,1,1,1,1,1,1,1,1
16120,1,1,1,1,1,1,1,1,1,1,1,1,1,1,1,1
16174,1,1,1,1,1,1,1,1,1,1,1,1,1,1,1,1
16230,1,1,1,1,1,1,1,1,1,1,1,1,1,1,1,1
16264,1,1,1,1,1,1,1,1,1,1,1,1,1,1,1,1
16355,2,2,2,2,2,2,2,2,2,2,2,2,2,2,2,2
16398,1,1,1,1,1,1,1,1,1,1,1,1,1,1,1,1
16572,1,1,1,1,1,1,1,1,1,1,1,1,1,1,1,1
16600,1,1,1,1,1,1,1,1,1,1,1,1,1,1,1,1
16614,1,1,1,1,1,1,1,1,1,1,1,1,1,1,1,1
16642,1,1,1,1,1,1,1,1,1,1,1,1,1,1,1,1
16731,1,1,1,1,1,1,1,1,1,1,1,1,1,1,1,1
16801,2,2,2,2,2,2,2,2,2,2,2,2,2,2,2,2
16845,1,1,1,1,1,1,1,1,1,1,1,1,1,1,1,1
16858,2,2,2,2,2,2,2,2,2,2,2,2,2,2,2,2
16891,1,1,1,1,1,1,1,1,1,1,2,1,1,1,2,1
16977,1,1,1,1,1,1,1,1,1,1,1,1,1,1,1,1
17002,2,2,2,2,2,2,2,2,2,2,2,2,2,2,2,2
17048,1,1,1,1,1,1,1,1,1,1,1,1,1,1,1,1
17121,2,2,2,2,2,2,2,2,2,2,2,2,2,2,2,2
17212,1,1,1,1,1,1,1,1,1,1,1,1,1,1,1,1
17355,2,2,2,2,2,2,2,2,2,2,2,2,2,2,2,2
17364,2,2,2,2,2,2,2,2,2,1,2,2,2,2,2,2
17386,2,2,2,2,2,2,2,2,2,2,2,2,2,2,2,2
17455,1,1,1,1,1,1,1,1,1,1,1,1,1,1,1,1
17475,1,1,1,1,1,1,1,1,1,1,1,1,1,1,1,1
17744,2,2,2,2,2,2,2,2,2,2,2,2,2,2,2,2
17746,2,2,2,2,2,2,2,2,2,2,2,2,2,2,2,2
17792,1,1,1,1,1,1,1,1,1,1,2,1,1,1,1,1
17806,2,2,2,2,2,2,2,2,2,2,2,2,2,2,2,2
17877,1,1,1,1,1,1,1,1,1,1,1,1,1,1,1,1
17885,2,2,2,2,2,2,2,2,2,2,2,2,2,2,2,2
17963,2,2,2,2,2,2,2,2,2,2,2,2,2,2,2,2
18290,1,1,1,1,1,1,1,1,1,1,1,1,1,1,1,1
18550,2,2,2,2,2,2,2,2,2,2,2,2,2,2,2,2
18613,2,2,2,2,2,2,2,2,2,2,2,2,2,2,2,2
18630,2,2,2,2,2,2,2,2,2,2,2,2,2,2,2,2
18631,1,1,1,1,1,1,1,1,1,1,1,1,1,1,1,1
18643,1,1,1,1,1,1,1,1,1,1,1,1,1,1,1,1
18820,1,1,1,1,1,1,1,1,1,1,1,1,1,1,1,1
18874,1,1,1,1,1,1,1,1,1,1,1,1,1,1,1,1
18886,1,1,1,1,1,1,1,1,1,1,1,1,1,1,1,1
18998,2,2,2,2,2,2,2,2,2,2,2,2,2,2,2,2
19036,2,2,2,2,2,2,2,2,2,2,1,2,2,2,2,2
19045,2,2,2,2,2,2,2,2,2,2,2,2,2,2,2,2
19267,2,2,2,2,2,2,2,2,2,2,2,2,2,2,2,2
19295,1,1,1,1,1,1,1,1,1,1,1,1,1,1,1,1
19331,2,2,2,2,2,2,2,2,2,2,2,2,2,2,2,2
19341,1,1,1,1,1,1,1,1,1,1,1,1,1,1,1,1
19383,1,1,1,1,1,1,1,1,1,1,1,1,1,1,1,1
19385,2,2,2,2,2,2,2,2,2,2,2,2,2,2,2,2
19395,2,2,2,2,2,2,2,2,2,2,2,2,2,2,2,2
19486,2,2,2,2,2,2,2,2,2,2,2,2,2,2,2,2
19496,2,2,2,2,2,2,2,2,2,2,2,2,2,2,2,2
19532,1,1,1,1,1,1,1,1,1,1,1,1,1,1,1,1
19538,1,1,1,1,1,1,1,1,1,1,1,1,1,1,1,1
19599,1,1,1,1,1,1,1,1,2,2,2,2,1,2,2,2
19686,1,1,1,1,1,1,1,1,1,1,1,1,1,1,1,1
19738,1,1,1,1,1,1,1,1,1,1,1,1,1,1,1,1
19794,1,1,1,1,1,1,1,1,1,1,1,1,1,1,1,1
19830,2,2,2,2,2,2,2,2,2,2,2,2,2,2,2,2
19839,2,2,2,2,2,2,2,2,2,2,2,2,2,2,2,2
19854,2,2,2,2,2,2,2,2,2,2,2,2,2,2,2,2
19900,2,2,2,2,2,2,2,2,1,2,2,1,1,2,2,1
19915,1,1,1,1,1,1,1,1,1,1,1,1,1,1,1,1
19968,2,2,2,2,2,2,2,2,2,2,2,2,2,2,2,2
20031,1,1,1,1,1,1,1,1,1,1,1,1,1,1,1,1
20299,2,2,2,2,2,2,2,2,2,2,2,2,2,2,2,2
20380,2,2,2,2,2,2,2,2,2,2,2,2,2,2,2,2
20420,1,1,1,1,1,1,1,1,1,1,1,1,1,1,1,1
20431,1,1,1,1,1,1,1,1,1,1,1,1,1,1,1,1
20443,1,1,1,1,1,1,1,1,1,1,1,1,1,1,1,1
20446,2,2,2,2,2,2,2,2,2,2,2,2,2,2,2,2
20465,1,1,1,1,1,1,1,1,1,1,1,1,1,1,1,1
20467,1,1,1,1,1,1,1,1,1,2,1,1,1,2,1,1
20677,1,1,1,1,1,1,1,1,1,1,1,1,1,1,1,1
20839,2,2,2,2,2,2,2,2,2,2,1,2,2,2,2,2
20853,1,1,1,1,1,1,1,1,1,1,1,1,1,1,1,1
20869,2,2,2,2,2,2,2,2,2,2,2,2,2,2,2,2
20890,2,2,2,2,2,2,2,2,2,2,2,2,2,2,2,2
20964,1,1,1,1,1,1,1,1,1,1,1,1,1,1,1,1
20971,2,2,2,2,2,2,2,2,2,2,2,2,2,2,2,2
21051,2,2,2,2,2,2,2,2,2,2,2,2,2,2,2,2
21074,1,1,1,1,1,1,1,1,1,1,1,1,1,1,1,1
21098,2,2,2,2,2,2,2,2,2,2,2,2,2,2,2,2
21130,2,2,2,2,2,2,2,2,2,2,2,2,2,2,2,2
21158,1,1,1,1,1,1,1,1,1,1,1,1,1,1,1,1
21165,1,1,1,1,1,1,1,1,1,1,1,1,1,1,1,1
21167,1,1,1,1,1,1,1,1,1,1,1,1,1,1,1,1
21173,1,1,1,1,1,1,1,1,1,1,1,1,1,1,1,1
21180,2,2,2,2,2,2,2,2,2,2,2,2,2,2,2,2
21203,2,2,2,2,2,2,2,2,2,2,2,2,2,2,2,2
21210,1,1,1,1,1,1,1,1,1,1,1,1,1,1,1,1
21399,1,1,1,1,1,1,1,1,1,1,1,1,1,1,1,1
21509,2,2,2,2,2,2,2,2,2,2,2,2,2,2,2,2
21544,2,2,2,2,2,2,2,2,2,2,2,2,2,2,2,2
21606,2,2,2,2,2,2,2,2,2,2,2,2,2,2,2,2
21629,1,1,1,1,1,1,1,1,1,1,1,1,1,1,1,1
21691,1,1,1,1,1,1,1,1,1,1,1,1,1,1,1,1
21847,2,2,2,2,2,2,2,2,2,2,2,2,2,2,2,2
21976,1,1,1,1,1,1,1,1,1,1,1,1,1,1,1,1
21987,2,2,2,2,2,2,2,2,2,2,2,2,2,2,2,2
22043,2,2,2,2,2,2,2,2,2,2,2,2,2,2,2,2
22052,1,1,1,1,1,1,1,1,1,1,1,1,1,1,1,1
22065,1,1,1,1,1,1,1,1,1,1,1,1,1,1,1,1
22066,2,2,2,2,2,2,2,2,2,2,2,2,2,2,2,2
22126,2,2,2,2,2,2,2,2,2,2,2,2,2,2,2,2
22166,2,2,2,2,2,2,2,2,2,2,2,2,2,2,2,2
22184,2,2,2,2,2,2,2,2,2,2,2,2,2,2,2,2
22194,2,2,2,2,2,2,2,2,2,2,2,2,2,2,2,2
22467,2,2,2,2,2,2,2,2,2,2,2,2,2,2,2,2
22707,2,2,2,2,2,2,2,2,2,2,2,2,2,2,2,2
22767,2,2,2,2,2,2,2,2,2,2,2,2,2,2,2,2
22770,1,1,1,1,1,1,1,1,1,1,1,1,1,1,1,1
22819,2,2,2,2,2,2,2,2,2,2,2,2,2,2,2,2
22849,2,2,2,2,2,2,2,2,2,2,2,2,2,2,2,2
22966,2,2,2,2,2,2,2,2,2,2,2,2,2,2,2,2
23023,1,1,1,1,1,1,1,1,1,1,1,1,1,1,1,1
23052,1,1,1,1,1,1,1,1,1,1,1,1,1,1,1,1
23089,1,1,1,1,1,1,1,1,1,1,1,1,1,1,1,1
23104,2,2,2,2,2,2,2,2,2,2,2,2,2,2,2,2
23128,1,1,1,1,1,1,1,1,1,1,1,1,1,1,1,1
23200,1,1,1,1,1,1,1,1,1,1,1,1,1,1,1,1
23440,2,2,2,2,2,2,2,2,2,2,2,2,2,2,2,2
23453,2,2,2,2,2,2,2,2,2,2,2,2,2,2,2,2
23514,2,2,2,2,2,2,2,2,2,2,2,2,2,2,2,2
23524,1,1,1,1,1,1,1,1,1,1,1,1,1,1,1,1
23530,2,2,2,2,2,2,2,2,2,2,2,2,2,2,2,2
23574,1,1,1,1,1,1,1,1,1,1,1,1,1,1,1,1
23605,1,1,1,1,1,1,1,1,1,1,1,1,1,1,1,1
23620,2,2,2,2,2,2,2,2,2,2,2,2,2,2,2,2
23648,2,2,2,2,2,2,2,2,2,2,2,2,2,2,2,2
23699,2,2,2,2,2,2,2,2,2,2,2,2,2,2,2,2
23713,2,2,2,2,2,2,2,2,2,2,2,2,2,2,2,2
23871,1,1,1,1,1,1,1,1,1,1,1,1,1,1,1,1
23873,1,1,1,1,1,1,1,1,1,1,1,1,1,1,1,1
24163,1,1,1,1,1,1,1,1,1,1,1,1,1,1,1,1
24174,2,2,2,2,2,2,2,2,2,2,2,1,2,2,2,2
24304,1,1,1,1,1,1,1,1,1,1,1,1,1,1,1,1
24334,2,2,2,2,2,2,2,2,2,2,2,2,2,2,2,2
24405,2,2,2,2,2,2,2,2,2,2,2,2,2,2,2,2
24408,1,1,1,1,1,1,1,1,1,1,1,1,1,1,1,1
24541,2,2,2,2,2,2,2,2,2,2,2,2,2,2,2,2
24573,1,1,1,1,1,1,1,1,1,1,1,1,1,1,1,1
24637,2,2,2,2,2,2,2,2,2,2,2,2,2,2,2,2
24706,1,1,1,1,1,1,1,1,1,1,1,1,1,1,1,1
24740,2,2,2,2,2,2,2,2,2,2,2,2,2,2,2,2
24774,2,2,2,2,2,2,2,2,2,2,2,2,2,2,2,2
24836,1,1,1,1,1,1,1,1,1,1,1,1,1,1,1,1
24975,1,1,1,1,1,1,1,1,1,1,1,1,1,1,1,1
24995,1,1,1,1,1,1,1,1,1,1,1,1,1,1,1,1
25109,2,2,2,2,2,2,2,2,2,2,2,2,2,2,2,2
25137,1,1,1,1,1,1,1,1,1,1,1,1,1,1,1,1
25155,1,1,1,1,1,1,1,1,1,1,1,1,1,1,1,1
25239,2,2,2,2,2,2,2,2,2,2,2,1,2,2,2,1
25270,1,1,1,1,1,1,1,1,1,1,1,1,1,1,1,1
25302,2,2,2,2,2,2,2,2,2,2,2,2,2,2,2,2
25337,1,1,1,1,1,1,1,1,1,1,1,1,1,1,1,1
25369,2,2,2,2,2,2,2,2,2,2,2,2,2,2,2,2
25416,1,1,1,1,1,1,1,1,1,1,1,1,1,1,1,1
25447,1,1,1,1,1,1,1,1,1,1,1,1,1,1,1,1
25471,2,2,2,2,2,2,2,2,2,2,2,2,2,2,2,2
25650,1,1,1,1,1,1,1,1,1,1,1,1,1,1,1,1
25990,2,2,2,2,2,2,2,2,2,2,2,2,2,2,2,2
26032,1,1,1,1,1,1,1,1,1,1,1,1,1,1,1,1
26129,2,2,2,2,2,2,2,2,2,2,2,2,2,2,2,2
26211,2,2,2,2,2,2,2,2,2,2,2,2,2,2,2,2
26287,2,2,2,2,2,2,2,2,2,2,2,2,2,2,2,2
26292,1,1,1,1,1,1,1,1,1,1,2,1,1,1,1,1
26321,2,2,2,2,2,2,2,2,2,2,2,2,2,2,2,2
26337,1,1,1,1,1,1,1,1,1,1,1,1,1,1,1,1
26480,2,2,2,2,2,2,2,2,2,2,2,2,2,2,2,2
26528,1,1,1,1,1,1,1,1,1,1,1,1,1,1,1,1
26678,2,2,2,2,2,2,2,2,2,2,2,2,2,2,2,2
26714,2,2,2,2,2,2,2,2,2,2,2,2,2,2,2,2
26831,1,1,1,1,1,1,1,1,1,1,1,1,1,1,1,1
26878,2,2,2,2,2,2,2,2,2,2,2,2,2,2,2,2
27088,1,1,1,1,1,1,1,1,1,1,1,1,1,1,1,1
27101,1,1,1,1,1,1,1,1,1,1,1,1,1,1,1,1
27431,2,2,2,2,2,2,2,2,2,2,2,2,2,2,2,2
27497,1,1,1,1,1,1,1,1,1,1,1,1,1,1,1,1
27524,2,2,2,2,2,2,2,2,2,2,2,2,2,2,2,2
27558,2,2,2,2,2,2,2,2,2,2,2,2,2,2,2,2
27668,2,2,2,2,2,2,2,2,2,2,2,2,2,2,2,2
27740,2,2,2,2,2,2,2,2,2,2,2,2,2,2,2,2
27828,2,2,2,2,2,2,2,2,2,2,2,2,2,2,2,2
27904,2,2,2,2,2,2,2,2,2,2,2,2,2,2,2,2
27910,2,2,2,2,2,2,2,2,2,2,2,2,2,2,2,2
27911,2,2,2,2,2,2,2,2,2,2,2,2,2,2,2,2
28114,2,2,2,2,2,2,2,2,2,2,2,2,2,2,2,2
28262,2,2,2,2,2,2,2,2,2,2,2,2,2,2,2,2
28271,1,1,1,1,1,1,1,1,1,1,1,1,1,1,1,1
28341,1,1,1,1,1,1,1,1,1,1,1,1,1,1,1,1
28365,2,2,2,2,2,2,2,2,2,2,2,2,2,2,2,2
28463,2,2,2,2,2,2,2,2,2,2,2,2,2,2,2,2
28574,2,2,2,2,2,2,2,2,2,2,2,2,2,2,2,2
28656,2,2,2,2,2,2,2,2,2,2,2,2,2,2,2,2
28674,2,2,2,2,2,2,2,2,2,2,2,2,2,2,2,2
28728,1,1,1,1,1,1,1,1,1,1,1,1,1,1,1,1
28789,2,2,2,2,2,2,2,2,2,2,2,2,2,2,2,2
28963,1,1,1,1,1,1,1,1,1,1,1,1,1,1,1,1
29070,2,2,2,2,2,2,2,2,2,2,2,2,2,2,2,2
29144,1,1,1,1,1,1,1,1,1,1,1,1,1,1,1,1
29243,2,2,2,2,2,2,2,2,2,2,2,2,2,2,2,2
29385,1,1,1,1,1,1,1,1,1,1,1,1,1,1,1,1
29417,2,2,2,2,2,2,2,2,2,2,2,2,2,2,2,2
29484,2,2,2,2,2,2,2,2,2,2,2,2,2,2,2,2
29629,1,1,1,1,1,1,1,1,1,1,1,1,1,1,1,1
29912,1,1,1,1,1,1,1,1,1,1,1,1,1,1,1,1
30052,1,1,1,1,1,1,1,1,1,1,1,1,1,1,1,1
30118,1,1,1,1,1,1,1,1,1,1,1,1,1,1,1,1
30137,2,2,2,2,2,2,2,2,2,2,2,2,2,2,2,2
30143,1,1,1,1,1,1,1,1,1,1,1,1,1,1,1,1
30180,1,1,1,1,1,1,1,1,1,1,1,1,1,1,1,1
30259,1,1,1,1,1,1,1,1,1,1,1,1,1,1,1,1
30328,1,1,1,1,1,1,1,1,1,1,1,1,1,1,1,1
30329,1,1,1,1,1,1,1,1,1,1,1,1,1,1,1,1
30336,2,2,2,2,2,2,2,2,2,2,2,2,2,2,2,2
30340,1,1,1,1,1,1,1,1,1,1,1,1,1,1,1,1
30367,2,2,2,2,2,2,2,2,2,2,2,2,2,2,2,2
30701,2,2,2,2,2,2,2,2,2,2,2,2,2,2,2,2
30710,2,2,2,2,2,2,2,2,2,2,2,2,2,2,2,2
30846,1,1,1,1,1,1,1,1,1,1,1,1,1,1,1,1
30856,2,2,2,2,2,2,2,2,2,2,2,2,2,2,2,2
30872,2,2,2,2,2,2,2,2,2,2,2,2,2,2,2,2
30880,1,1,1,1,1,1,1,1,1,1,1,1,1,1,1,1
30899,1,1,1,1,1,1,1,1,1,1,1,1,1,1,1,1
30922,2,2,2,2,2,2,2,2,2,2,2,2,2,2,1,2
30936,2,2,2,2,2,2,2,2,2,2,2,2,2,2,2,2
31060,1,1,1,1,1,1,1,1,1,1,1,1,1,1,1,1
31138,1,1,1,1,1,1,1,1,1,1,1,1,1,1,1,1
31148,1,1,1,1,1,1,1,1,1,1,1,1,1,1,1,1
31247,1,1,1,1,1,1,1,1,1,1,1,1,1,1,1,1
31350,2,2,2,2,2,2,2,2,2,2,2,2,2,2,2,2
31386,2,2,2,2,2,2,2,2,2,2,2,2,2,2,2,2
31483,2,2,2,2,2,2,2,2,2,2,2,2,2,2,2,2
31597,1,1,1,1,1,1,1,1,1,1,1,1,1,1,1,1
31622,1,1,1,1,1,1,1,1,1,1,1,1,1,1,1,1
31628,1,1,1,1,1,1,1,1,1,1,1,1,1,1,1,1
31665,1,1,1,1,1,1,1,1,1,1,1,1,1,1,1,1
31720,1,1,1,1,1,1,1,1,1,1,1,1,1,1,1,1
31728,1,1,1,1,1,1,1,1,1,1,1,1,1,1,1,1
31907,2,2,2,2,2,2,2,2,2,2,2,2,2,2,2,2
32003,2,2,2,2,2,2,2,2,2,2,2,2,2,2,2,2
32090,1,1,1,1,1,1,1,1,1,1,1,1,1,1,1,1
32112,2,2,2,2,2,2,2,2,2,2,2,2,2,2,2,2
32116,2,2,2,2,2,2,2,2,2,2,2,2,2,2,2,2
32131,2,2,2,2,2,2,2,2,2,2,2,2,2,2,2,2
32167,2,2,2,1,2,2,2,1,1,1,1,1,1,2,1,1
32263,2,2,2,2,2,2,2,2,2,2,2,2,2,2,2,2
32265,1,1,1,1,1,1,1,1,1,1,1,1,1,1,1,1
32323,2,2,2,2,2,2,2,2,2,2,2,2,2,2,2,2
32372,1,1,1,1,1,1,1,1,1,1,1,1,1,1,1,1
32463,2,2,2,2,2,2,2,2,2,2,2,2,2,2,2,2
32518,1,1,1,1,1,1,1,1,1,1,1,1,1,1,1,1
32572,2,2,2,2,2,2,2,2,2,2,2,2,2,2,2,2
32679,1,1,1,1,1,1,1,1,1,1,1,1,1,1,1,1
32722,2,2,2,2,2,2,2,2,2,2,2,2,2,2,2,2
32747,1,1,1,1,1,1,1,1,1,1,1,1,1,1,1,1
32753,2,2,2,2,2,2,2,2,2,2,2,2,2,2,2,2
32785,1,1,1,1,1,1,1,1,1,1,1,1,1,1,1,1
32872,2,2,2,2,2,2,2,2,2,2,2,2,2,2,2,2
32972,2,2,2,2,2,2,2,2,2,2,2,2,2,2,2,2
33067,2,2,2,2,2,2,2,2,2,2,2,2,2,2,2,2
33126,2,2,2,2,2,2,2,2,2,2,2,2,2,2,2,2
33154,1,1,1,1,1,1,1,1,1,1,1,1,1,1,1,1
33262,2,2,2,2,2,2,2,2,2,2,2,2,2,2,2,2
33470,1,1,1,1,1,1,1,1,1,1,1,1,1,1,1,1
33649,1,1,1,1,1,1,1,1,1,1,1,1,1,1,1,1
33743,2,2,2,2,2,2,2,2,2,2,2,2,2,2,2,2
33765,2,2,2,2,2,2,2,2,2,2,2,2,2,2,2,2
33808,2,2,2,2,2,2,2,2,2,2,2,2,2,2,2,2
33856,1,1,1,1,1,1,1,1,1,1,1,1,1,1,1,1
33859,2,2,2,2,2,2,2,2,2,2,2,2,2,2,2,2
33890,2,2,2,2,2,2,2,2,2,2,2,2,2,2,2,2
33961,1,1,1,1,1,1,1,1,1,1,1,1,1,1,1,1
33962,2,2,2,2,2,2,2,2,2,2,2,2,2,2,2,2
33986,1,1,1,1,1,1,1,1,1,1,1,1,1,1,1,1
34125,2,2,2,2,2,2,2,2,2,2,2,2,2,2,2,2
34143,2,2,2,2,2,2,2,2,2,2,2,2,2,2,2,2
34171,1,1,1,1,1,1,1,1,1,1,1,1,2,1,1,1
34215,2,2,2,2,2,2,2,2,2,2,2,2,2,2,2,2
34276,1,1,1,1,1,1,1,1,1,1,1,1,1,1,1,1
34404,2,2,2,2,2,2,2,2,2,2,2,2,2,2,2,2
34460,2,2,2,2,2,2,2,2,2,2,2,2,2,2,2,2
34714,2,2,2,2,2,2,2,2,2,2,2,2,2,2,2,2
34983,2,2,2,2,2,2,2,2,2,2,2,2,2,2,2,2
35127,2,2,2,2,2,2,2,2,2,2,2,2,2,2,2,2
35156,2,2,2,2,2,2,2,2,2,2,2,2,2,2,2,2
35174,1,1,1,1,1,1,1,1,1,1,1,1,1,1,1,1
35201,2,2,2,2,2,2,2,2,2,2,2,2,2,2,2,2
35204,2,2,2,2,2,2,2,2,2,2,2,2,2,2,2,2
35282,2,2,2,2,2,2,2,2,2,2,2,2,2,2,2,2
35287,1,1,1,1,1,1,1,1,1,1,1,1,1,1,1,1
35429,2,2,2,2,2,2,2,2,2,2,2,2,2,2,2,2
35564,2,2,2,2,2,2,2,2,2,2,2,2,2,2,2,2
35592,1,1,1,1,1,1,1,1,1,1,1,1,1,1,1,1
35732,2,2,2,2,2,2,2,2,2,2,2,2,2,2,2,2
35738,2,2,2,2,2,2,2,2,2,2,2,2,2,2,2,2
35880,2,2,2,2,2,2,2,2,2,2,2,2,2,2,2,2
35939,2,2,2,2,2,2,2,2,2,2,2,2,2,2,2,2
35991,2,2,2,2,2,2,2,2,2,2,2,2,2,2,2,2
36117,1,1,1,1,1,1,1,1,1,1,1,1,1,1,1,1
36186,2,2,2,2,2,2,2,2,2,2,2,2,2,2,2,2
36190,1,1,1,1,1,1,1,1,1,1,1,1,1,1,1,1
36199,2,2,2,2,2,2,2,2,2,2,2,2,2,2,2,2
36209,1,1,1,1,1,1,1,1,1,1,1,1,1,1,1,1
36247,1,1,1,1,1,1,1,1,1,1,1,1,1,1,1,1
36419,2,2,2,2,2,2,2,2,2,2,2,2,2,2,2,2
36434,2,2,2,2,2,2,2,2,2,2,2,2,2,2,2,2
36449,1,1,1,1,1,1,1,1,1,1,1,1,1,1,1,1
36482,2,2,2,2,2,2,2,2,2,2,2,2,2,2,2,2
36557,2,2,2,2,2,2,2,2,2,2,2,2,2,2,2,2
36734,1,1,1,1,1,1,1,1,1,1,1,1,1,1,1,1
36743,1,1,1,1,1,1,1,1,1,1,1,1,1,1,1,1
36812,2,2,2,2,2,2,2,2,2,2,2,2,2,2,2,2
36849,2,2,2,2,2,2,2,2,2,2,2,2,2,2,2,2
36960,2,2,2,2,2,2,2,2,1,1,1,1,1,1,1,1
36974,2,2,2,2,2,2,2,2,2,2,2,2,2,2,2,2
37016,2,2,2,2,2,2,2,2,2,2,2,2,2,2,2,2
37020,1,1,1,1,1,1,1,1,1,1,1,1,1,1,1,1
37082,2,2,2,2,2,2,2,2,2,2,2,2,2,2,2,2
37124,2,2,2,2,2,2,2,2,2,2,2,2,2,2,2,2
37367,2,2,2,2,2,2,2,2,2,2,2,2,2,2,2,2
37432,2,2,2,2,2,2,2,2,2,2,2,2,2,2,2,2
37490,1,1,1,1,1,1,1,1,1,1,1,1,1,1,1,1
37569,2,2,2,2,2,2,2,2,2,2,2,2,2,2,2,2
37723,2,2,2,2,2,2,2,2,2,2,2,2,2,2,2,2
37842,1,1,1,1,1,1,1,1,1,1,1,1,1,1,1,1
37909,1,1,1,1,1,1,1,1,1,1,1,1,1,1,1,1
37955,1,1,1,1,1,1,1,1,1,1,1,1,1,1,1,1
38068,2,2,2,2,2,2,2,2,2,2,2,2,2,2,2,2
38078,2,2,2,2,2,2,2,2,2,2,2,2,2,2,2,2
38144,1,1,1,1,1,1,1,1,1,1,1,1,1,1,1,1
38166,1,1,1,1,1,1,1,1,1,1,1,1,1,1,1,1
38191,2,2,2,2,2,2,2,2,2,2,2,1,2,2,2,1
38245,1,1,1,1,1,1,1,1,1,1,1,1,1,1,1,1
38352,1,1,1,1,1,1,1,1,1,1,1,1,1,1,1,1
38395,1,1,1,1,1,1,1,1,1,1,1,1,1,1,1,1
38425,2,2,2,2,2,2,2,2,2,2,2,2,2,2,2,2
38485,1,1,1,1,1,1,1,1,1,1,1,1,1,1,1,1
38530,1,1,1,1,1,1,1,1,1,1,1,1,1,1,1,1
38562,2,2,2,2,2,2,2,2,2,2,2,2,2,2,2,2
38593,2,2,2,2,2,2,2,2,2,2,2,2,2,2,2,2
38627,2,2,2,2,2,2,2,2,2,2,2,2,2,2,2,2
38928,2,2,2,2,2,2,2,2,2,2,2,2,2,2,2,2
38947,1,1,1,1,1,1,1,1,1,1,1,1,1,1,1,1
39152,1,1,1,1,1,1,1,1,1,1,2,1,1,1,2,1
39321,1,1,1,1,1,1,1,1,1,1,1,1,1,1,1,1
39356,2,2,2,2,2,2,2,2,2,2,2,2,2,2,2,2
39388,2,2,2,2,2,2,2,2,2,2,2,2,2,2,2,2
39457,1,1,1,1,1,1,1,1,1,1,1,1,1,1,1,1
39532,2,2,2,2,2,2,2,2,2,2,2,2,2,2,2,2
39553,2,2,2,2,2,2,2,2,2,2,2,2,2,2,2,2
39557,1,1,1,1,1,1,1,1,1,1,1,1,1,1,1,1
39804,1,1,1,1,1,1,1,1,1,1,1,1,1,1,1,1
39833,2,2,2,2,2,2,2,2,2,2,2,1,2,2,2,1
39842,1,1,1,1,1,1,1,1,1,1,1,1,1,1,1,1
39864,2,2,2,2,2,2,2,2,2,2,2,2,2,2,2,2
40068,1,1,1,1,1,1,1,1,1,1,1,1,1,1,1,1
40164,1,1,1,1,1,1,1,1,1,1,1,1,1,1,1,1
40296,2,2,2,2,2,2,2,2,2,2,2,2,2,2,2,2
40497,2,2,2,2,2,2,2,2,2,2,2,2,2,2,2,2
40542,2,2,2,2,2,2,2,2,2,2,2,2,2,2,2,2
40622,2,2,2,2,2,2,2,2,2,2,2,2,2,2,2,2
40653,2,2,2,2,2,2,2,2,2,2,2,2,2,2,2,2
40853,1,1,1,1,1,1,1,1,1,1,1,1,1,1,1,1
40969,1,1,1,1,1,1,1,1,1,1,1,1,1,1,1,1
41001,2,2,2,2,2,2,2,2,2,2,2,2,2,2,2,2
41077,1,1,1,1,1,1,1,1,1,1,1,2,1,1,1,2
41237,1,1,1,1,1,1,1,1,1,1,1,1,1,1,1,1
41368,1,1,1,1,1,1,1,1,1,1,1,1,1,1,1,1
41472,1,1,1,1,1,1,1,1,1,1,1,1,1,1,1,1
41581,2,2,2,2,2,2,2,2,2,2,2,2,2,2,2,2
41636,1,1,1,1,1,1,1,1,1,1,1,1,1,1,1,1
41704,1,1,1,1,1,1,1,1,1,1,1,1,1,1,1,1
41836,1,1,1,1,1,1,1,1,1,1,1,1,1,1,1,1
41906,2,2,2,2,2,2,2,2,2,2,1,2,2,2,2,2
42040,1,1,1,1,1,1,1,1,1,1,1,1,1,1,1,1
42067,1,1,1,1,1,1,1,1,1,1,1,1,1,1,1,1
42112,2,2,2,2,2,2,2,2,2,2,2,2,2,2,2,2
42166,2,2,2,2,2,2,2,2,2,2,2,2,2,2,2,2
42185,2,2,2,2,2,2,2,2,2,2,2,2,2,2,2,2
42228,2,2,2,2,2,2,2,2,2,2,2,2,2,2,2,2
42330,1,1,1,1,1,1,1,1,1,1,1,1,1,1,1,1
42391,2,2,2,2,2,2,2,2,2,2,2,2,2,2,2,2
42468,2,2,2,2,2,2,2,2,2,2,2,2,1,2,2,2
42521,1,1,1,1,1,1,1,1,1,1,1,1,1,1,1,1
42585,1,1,1,1,1,1,1,1,1,1,1,1,1,1,1,1
42714,2,2,2,2,2,2,2,2,2,2,2,2,2,2,2,2
42860,2,2,2,2,2,2,2,2,2,2,2,2,2,2,2,2
43070,2,2,2,2,2,2,2,2,2,2,2,2,2,2,2,2
43295,2,2,2,2,2,2,2,2,2,2,2,2,2,2,2,2
43350,2,2,2,2,2,2,2,2,2,2,2,2,2,2,2,2
43526,2,2,2,2,2,2,2,2,2,2,2,2,2,2,2,2
43621,2,2,2,2,2,2,2,2,2,2,2,2,2,2,2,2
43668,2,2,2,2,2,2,2,2,2,2,2,2,2,2,2,2
44064,2,2,2,2,2,2,2,2,2,2,2,2,2,2,2,2
44167,2,2,2,2,2,2,2,2,2,2,2,2,2,2,2,2
44178,2,2,2,2,2,2,2,2,2,2,2,2,2,2,2,2
44400,2,2,2,2,2,2,2,2,1,1,2,2,1,1,2,2
44415,2,2,2,2,2,2,2,2,2,2,2,2,2,2,2,2
44430,2,2,2,2,2,2,2,2,2,2,2,2,2,2,2,2
44444,2,2,2,2,2,2,2,2,2,2,1,2,2,2,2,2
44458,2,2,2,2,2,2,2,2,2,2,2,2,2,2,2,2
44479,2,2,2,2,2,2,2,2,2,2,2,2,2,2,2,2
44628,1,1,1,1,1,1,1,1,1,1,1,1,1,1,1,1
44682,1,1,1,1,1,1,1,1,1,1,1,1,1,1,1,1
44887,2,2,2,2,2,2,2,2,2,2,2,2,2,2,2,2
45012,2,2,2,2,2,2,2,2,2,2,2,2,2,2,2,2
45024,1,1,1,1,1,1,1,1,1,1,1,1,1,1,1,1
45075,2,2,2,2,2,2,2,2,2,2,2,2,2,2,2,2
45117,2,2,2,2,2,2,2,2,2,2,2,2,2,2,2,1
45184,1,1,1,1,1,1,1,1,1,1,1,1,1,1,1,1
45337,1,1,1,1,1,1,1,1,1,1,1,1,1,1,1,1
45340,2,2,2,2,2,2,2,2,2,2,2,2,2,2,2,2
45390,2,2,2,2,2,2,2,2,2,2,2,2,2,2,2,2
45470,2,2,2,2,2,2,2,2,2,2,2,2,2,2,2,2
45492,1,1,1,1,1,1,1,1,1,1,1,1,1,1,1,1
45529,2,2,2,2,2,2,2,2,2,2,2,2,2,2,2,2
45784,1,1,1,1,1,1,1,1,1,1,1,1,1,1,1,1
45800,2,2,2,2,2,2,2,2,2,2,2,2,2,2,2,2
45811,2,2,2,2,2,2,2,2,2,2,2,2,2,2,2,2
45837,1,1,1,1,1,1,1,1,1,1,1,1,1,1,1,1
45857,2,2,2,2,2,2,2,2,2,1,2,2,2,2,2,2
45893,2,2,2,2,2,2,2,2,2,2,2,2,2,2,2,2
45938,2,2,2,2,2,2,2,2,2,2,1,2,2,2,2,2
45985,1,1,1,1,1,1,1,1,1,1,1,1,1,1,1,1
46147,1,1,1,1,1,1,1,1,1,1,1,1,1,1,1,1
46160,1,1,1,1,1,1,1,1,1,1,1,1,1,1,1,1
46372,2,2,2,2,2,2,2,2,2,2,2,2,2,2,2,2
46569,2,2,2,2,2,2,2,2,2,2,2,2,2,2,2,2
46595,2,2,2,2,2,2,2,2,2,2,2,2,2,2,2,2
46674,1,1,1,1,1,1,1,1,1,1,1,1,1,1,1,1
46707,2,2,2,2,2,2,2,2,1,1,1,1,1,1,1,1
46710,2,2,2,2,2,2,2,2,2,2,2,2,2,2,2,2
46751,2,2,2,2,2,2,2,2,2,2,2,2,2,2,2,2
46756,1,1,1,1,1,1,1,1,1,1,1,1,1,1,1,1
46810,2,2,2,2,2,2,2,2,2,2,2,1,2,2,2,1
46859,2,2,2,2,2,2,2,2,2,2,2,2,2,2,2,2
46880,1,1,1,1,1,1,1,1,1,1,1,1,1,1,1,1
46894,2,2,2,2,2,2,2,2,2,2,2,2,2,2,2,2
46969,2,2,2,2,2,2,2,2,2,2,2,2,2,2,2,2
47060,2,2,2,2,2,2,2,2,2,2,2,2,2,2,2,2
47065,1,1,1,1,1,1,1,1,1,1,1,1,1,1,2,1
47097,1,1,1,1,1,1,1,1,1,1,1,1,1,1,1,1
47169,2,2,2,2,2,2,2,2,2,2,2,2,2,2,2,2
47216,2,2,2,2,2,2,2,2,2,2,2,2,2,2,2,2
47246,2,2,2,2,2,2,2,2,2,2,2,2,2,2,2,2
47249,2,2,2,2,2,2,2,2,2,2,2,2,2,2,2,2
47362,1,1,1,1,1,1,1,1,1,1,1,1,1,1,1,1
47371,1,1,1,1,1,1,1,1,1,1,1,1,1,1,1,1
47619,2,2,2,2,2,2,2,2,2,2,2,2,2,2,2,2
47865,2,2,2,2,2,2,2,2,2,2,2,2,2,2,2,2
48182,1,1,1,1,1,1,1,1,1,1,1,1,1,1,1,1
48246,1,1,1,1,1,1,1,1,1,1,1,1,1,1,1,1
48329,1,1,1,1,1,1,1,1,1,1,1,1,1,1,1,1
48449,2,2,2,2,2,2,2,2,2,2,2,2,2,2,2,2
48506,2,2,2,2,2,2,2,2,2,2,2,2,2,2,2,2
48541,1,1,1,1,1,1,1,1,1,1,1,1,1,1,1,1
48562,2,2,2,2,2,2,2,2,2,2,2,2,2,2,2,2
48728,1,1,1,1,1,1,1,1,1,1,1,1,1,1,1,1
48859,2,2,2,2,2,2,2,2,2,2,2,2,2,2,2,2
48976,2,2,2,2,2,2,2,2,2,2,2,2,2,2,2,2
49004,1,1,1,1,1,1,1,1,1,1,1,1,1,1,1,1
49029,1,1,1,1,1,1,1,1,1,1,1,1,1,1,2,1
49047,1,1,1,1,1,1,1,1,1,1,1,1,1,1,1,1
49052,1,1,1,1,1,1,1,1,1,1,1,1,1,1,1,1
49095,1,1,1,1,1,1,1,1,1,1,1,1,1,1,1,1
49132,1,1,1,1,1,1,1,1,1,1,1,2,1,1,1,2
49146,1,1,1,1,1,1,1,1,1,1,1,1,1,1,1,1
49189,1,1,1,1,1,1,1,1,1,1,1,1,1,1,1,1
49213,1,1,1,1,1,1,1,1,1,1,1,1,1,1,1,1
49228,1,1,1,1,1,1,1,1,1,1,1,1,1,1,1,1
49242,2,2,2,2,2,2,2,2,2,2,2,2,2,2,2,2
49460,1,1,1,1,1,1,1,1,1,1,1,1,1,1,1,1
49700,1,1,1,1,1,1,1,1,1,1,2,1,1,1,2,1
49737,1,1,1,1,1,1,1,1,1,1,1,1,1,1,1,1
49855,2,2,2,2,2,2,2,2,2,2,2,2,2,2,2,2
49943,2,2,2,2,2,2,2,2,2,2,2,2,2,2,2,2
49950,2,2,2,2,2,2,2,2,2,2,2,2,2,2,2,2
49959,2,2,2,2,2,2,2,2,2,2,1,2,2,2,2,2
49971,1,1,1,1,1,1,1,1,2,1,1,1,2,1,1,1
