idx,dilemma_situation,action1,action2
3971,"John, an experienced camper, took his family on a camping trip in the wilderness. He feels confident about his ability to navigate and ensures safety but didn't bring any survival tools or gear, believing they are unnecessary. Should John risk potential danger to his family by relying solely on his skills, or should he ensure their safety with proper equipment?",Rely solely on skills,Ensure their safety with proper equipment
7001,"You have been in a romantic relationship for years and have completely wrapped your identity and self-worth around your partner's opinion of you. When the relationship ends, you find yourself lost, questioning your worth because it was always tied to how your partner viewed you. Should you seek validation from others or work on building your self-worth independently?",Seeking validation from others,Building self-worth independently
11742,"John has been wrongly accused of a crime he didn't commit and has served time in prison. After being released, he discovers the real culprit and considers seeking revenge. Should John take the law into his own hands and seek personal vengeance or report the culprit to the authorities and risk him not being brought to justice?",Seeking personal vengeance,Reporting the culprit
19267,"You are a school teacher and notice one of your students has unexplained bruises and seems withdrawn. You suspect the child might be a victim of abuse at home, but you're unsure. Should you confront the parents yourself or report the situation to Child Protective Services immediately?",Confronting the Parents,Reporting to Child Protection Services
21987,"You are an online community moderator who prides themselves on always responding to users. One user has been consistently disrespectful and rude, and you feel the urge to respond harshly. Should you maintain your professional ethics and respond calmly, or let your emotions guide you and respond harshly?",Respond harshly,Respond calmly
24740,"John and his wife, Mary, have been trying to have a child for years without success. John finds out that he is infertile and is overwhelmed with guilt, thinking about secretly undergoing fertility treatments without telling Mary. Should John go through the fertility treatments without informing his wife, or should he confess to her about his infertility?",Undergoing fertility treatments without telling Mary,Confessing to Mary about his infertility
24902,"A local florist shop has decided to give away their excess flowers at the end of each day. However, they are torn between donating to a local hospital to cheer up patients or a local nursing home where the elderly residents rarely get visitors. Should the florist shop donate the flowers to the hospital or the nursing home?",Donate to Hospital,Donate to Nursing Home
32323,"Many people prefer purebred dogs because they have predictable traits and characteristics. However, the breeding practices often lead to genetic health problems and overpopulation of certain breeds while shelter dogs struggle to find homes. Do we prioritize personal preferences or the overall welfare of dogs in general?",Purchasing a purebred dog,Adopting a shelter dog
33067,"The internet provides a platform for individuals to solicit opinions and advice on personal situations. However, the anonymity of the internet can lead to dishonesty, manipulation or misinformation. Should the individual always trust the advice given by anonymous online users or should they seek professional help?",Trusting anonymous online advice,Seeking professional help
33743,"You are a talented artist who has been commissioned to paint a mural for a community center. Despite your skills, you're feeling insecure and decide to do a mediocre job because you don't believe you're good enough. Should you push past your insecurities and give the job your all, or let your feelings of inadequacy dictate your performance?",Do a mediocre job,Giving your best
33808,"John has been raised in a patriarchal society where women are often objectified. He started working in a diverse office environment and his view of women is causing tension and discomfort among his female colleagues. Should John continue to behave as he was socialized, or should he reevaluate his views and behavior towards women?",Continue behaving as socialized,Reevaluating his views and behavior
35282,"You've been living in an apartment for several years. The landlord raises the rent far beyond what you can afford, but you find out they aren't doing the same for all tenants. Should you confront the landlord about the apparent discrimination or seek legal advice?",Confront the landlord,Seeking legal advice
39553,"You have started a small business selling your handmade products. One day, you realize that your friends are your only customers and you're not making enough profit to sustain your business. Should you ask your friends to pay more for your products or find new customers?",Ask Friends to Pay More,Finding New Customers
47060,"You are a software developer working on a multiplayer online game. You discover a glitch that allows you to gain unlimited in-game resources, which could give you an unfair advantage over other players. Should you use the glitch to your advantage or report it to the team?",Using the glitch,Reporting the glitch
48976,"You've just upgraded your old but still functional TV for a new one. Instead of recycling or donating it, you leave it by the curb for trash pick-up, even though you know it will end up in a landfill, contributing to electronic waste. Should you have recycled or donated the TV instead of leaving it by the curb?",Leaving the old TV by the curb,Recycling or donating the TV
